id,yearid,teamid,lgid,namefirst,namelast,salary,pos,g.x,gs,innouts,po,a,e,dp,g.y,g_batting,ab,r,h,x2b,x3b,hr,rbi,sb,cs,bb,so,ibb,hbp,sh,sf,gidp,years,cab,ch,chr,cr,crbi,cbb
abreubo01,2012.0,LAA,AL,Bobby,Abreu,9000000.0,OF,54,50,1133,70,2,1,1,100,,219,29,53,11,1,3,24,6,2,37,56,3,0,0,1,7,17,8347,2437,287,1441,1349,1456
abreuto01,,,,,,,23,21,17,482,27,47,1,15,22,,70,5,18,2,1,1,15,0,0,2,13,0,1,0,1,1,4,437,110,4,40,46,16
ackledu01,2012.0,SEA,AL,Dustin,Ackley,2100000.0,12,153,147,3953,289,398,8,96,153,,607,84,137,22,2,12,50,13,3,59,124,7,0,1,1,3,2,940,228,18,123,86,99
adamsma01,,,,,,,1B,24,23,584,210,12,3,13,27,,86,8,21,6,0,2,13,0,0,5,24,0,0,0,0,3,1,86,21,2,8,13,5
allenbr01,2012.0,OAK,AL,Brandon,Allen,482500.0,O1,6,5,129,29,2,0,1,10,,20,3,2,0,0,1,3,0,0,2,9,0,0,0,0,0,4,344,70,12,44,41,42
alonsyo01,2012.0,SDN,NL,Yonder,Alonso,1400000.0,1B,149,144,3829,1269,96,12,77,155,,549,47,150,39,0,9,62,3,0,62,101,9,3,1,4,14,3,666,185,14,58,80,72
altuvjo01,2012.0,HOU,NL,Jose,Altuve,483000.0,2B,147,142,3680,257,410,11,83,147,,576,80,167,34,4,7,37,33,11,40,74,0,6,4,4,8,2,797,228,9,106,49,45
alvarpe01,2012.0,PIT,NL,Pedro,Alvarez,2200000.0,3B,145,143,3819,73,264,27,23,149,,525,64,128,25,1,30,85,1,0,57,180,6,1,0,3,10,3,1107,262,50,124,168,118
amarial01,2012.0,LAA,AL,Alexi,Amarista,481000.0,23,107,64,1783,120,128,4,22,106,,275,36,66,15,5,5,32,8,4,17,42,1,0,6,2,2,2,327,74,5,38,37,19
anderbr05,,,,,,,C1,3,2,51,14,1,1,1,10,,12,2,3,1,0,0,0,1,0,1,6,0,1,0,0,0,2,44,12,0,3,4,2
anderla03,,,,,,,O1,6,1,36,5,0,0,0,6,,8,1,1,0,0,0,0,0,0,0,3,0,0,0,0,0,3,48,8,0,7,4,7
andinro01,2012.0,BAL,AL,Robert,Andino,1300000.0,23,127,107,3036,195,306,13,71,127,,384,41,81,13,1,7,28,5,5,37,100,0,2,7,1,13,8,1244,292,18,152,92,106
andruel01,2012.0,TEX,AL,Elvis,Andrus,2625000.0,SS,153,150,3999,233,414,16,91,158,,629,85,180,31,9,3,62,21,10,57,96,0,5,17,3,15,4,2284,628,14,341,197,217
ankieri01,2012.0,WAS,NL,Rick,Ankiel,1250000.0,CF,62,37,1146,115,2,2,0,68,,158,15,36,10,2,5,15,1,3,12,59,3,0,1,0,3,10,1793,438,69,247,233,154
aokino01,2012.0,MIL,NL,Norichika,Aoki,1000000.0,OF,139,119,3276,231,8,3,2,151,,520,81,150,37,4,10,50,30,8,43,55,1,13,7,5,6,1,520,150,10,81,50,43
arencjp01,2012.0,TOR,AL,J.P.,Arencibia,489600.0,C,94,91,2400,622,57,4,1,102,,347,45,81,16,0,18,56,1,0,18,108,1,3,1,3,4,3,825,183,43,95,138,56
ariasjo01,,,,,,,23,128,79,2250,73,195,9,25,112,,319,30,86,13,5,5,34,5,1,13,44,4,5,2,5,12,5,576,157,5,72,57,25
averyxa01,,,,,,,OF,28,23,651,49,1,2,0,32,,94,14,21,6,1,1,6,6,3,11,23,0,0,2,0,2,1,94,21,1,14,6,11
avilaal01,2012.0,DET,AL,Alex,Avila,510000.0,C,113,107,2813,897,57,6,7,116,,367,42,89,21,2,9,48,2,0,61,104,2,2,2,2,12,4,1186,310,40,142,175,180
avilemi01,2012.0,BOS,AL,Mike,Aviles,1200000.0,23,131,125,3378,208,375,15,89,136,,512,57,128,28,0,13,60,14,6,23,77,0,2,3,6,6,5,1761,488,39,229,190,78
aybarer01,2012.0,LAA,AL,Erick,Aybar,5075000.0,SS,139,137,3569,232,359,15,86,141,,517,67,150,31,5,8,45,20,4,22,61,1,5,7,2,11,7,2691,749,32,353,251,142
bakerje03,2012.0,CHN,NL,Jeff,Baker,1375000.0,12,64,48,1191,186,23,3,15,83,,188,18,45,12,1,4,25,4,1,11,48,1,0,0,2,7,8,1359,361,37,185,178,100
bakerjo01,2012.0,SDN,NL,John,Baker,750000.0,C,56,52,1381,368,23,4,0,63,,193,17,46,8,0,0,14,2,1,20,41,2,0,1,0,4,5,854,225,14,115,103,102
barajro01,2012.0,PIT,NL,Rod,Barajas,4000000.0,C1,100,98,2481,701,41,6,4,104,,321,29,66,11,0,11,31,0,0,29,69,5,7,0,4,4,14,3460,812,136,396,480,207
barmecl01,2012.0,PIT,NL,Clint,Barmes,5000000.0,1S,143,135,3483,147,399,16,72,144,,455,34,104,16,1,8,45,0,2,20,106,3,8,8,2,9,10,3192,795,81,373,369,183
barnebr02,,,,,,,OF,38,24,682,65,3,0,1,43,,98,8,20,3,0,1,7,1,1,5,29,0,1,1,0,1,1,98,20,1,8,7,5
barneda01,2012.0,CHN,NL,Darwin,Barney,500000.0,2S,158,147,3844,315,426,3,98,156,,548,73,139,26,4,7,44,6,1,33,58,1,3,3,1,11,3,1156,304,9,151,89,61
bartlja01,2012.0,SDN,NL,Jason,Bartlett,5500000.0,SS,27,26,701,32,68,5,12,29,,83,8,11,5,0,0,4,0,0,12,27,0,0,2,1,6,9,3138,849,31,432,286,275
bartoda02,2012.0,OAK,AL,Daric,Barton,1100000.0,1B,43,33,940,319,17,0,30,46,,113,8,23,7,0,1,6,1,0,22,32,0,1,0,0,1,6,1583,394,27,220,163,272
bautijo02,2012.0,TOR,AL,Jose,Bautista,14000000.0,13,95,90,2360,163,13,2,5,92,,332,64,80,14,0,27,65,5,2,59,63,2,4,0,4,11,9,3168,801,183,519,503,511
baxtemi01,2012.0,NYN,NL,Mike,Baxter,480000.0,OF,64,44,1219,81,3,1,2,89,,179,26,47,14,2,3,17,5,3,25,45,4,5,0,2,0,3,221,56,4,32,22,30
bayja01,2012.0,NYN,NL,Jason,Bay,18125000.0,LF,65,54,1372,113,2,2,0,70,,194,21,32,2,0,8,20,5,1,19,58,0,0,0,2,3,10,4299,1158,211,707,734,610
beckhgo01,2012.0,CHA,AL,Gordon,Beckham,520000.0,2B,149,148,3926,280,411,7,110,151,,525,62,123,24,0,16,60,5,4,40,89,0,7,8,2,10,4,1846,452,49,238,216,153
belljo01,,,,,,,3B,12,12,318,6,18,1,1,21,,52,3,9,2,0,1,4,0,0,4,14,1,0,0,0,3,3,272,53,4,24,22,10
beltbr01,2012.0,SFN,NL,Brandon,Belt,481000.0,O1,143,106,3011,917,73,8,85,145,,411,47,113,27,6,7,56,12,2,54,106,5,3,0,4,2,2,598,155,16,68,74,74
beltrad01,2012.0,TEX,AL,Adrian,Beltre,15000000.0,3B,129,129,3376,95,209,8,23,156,,604,95,194,33,2,36,102,1,0,36,82,8,5,0,9,8,15,7965,2227,346,1089,1215,579
beltrca01,2012.0,SLN,NL,Carlos,Beltran,13000000.0,OF,141,132,3522,221,10,2,0,151,,547,83,147,26,1,32,97,13,6,65,124,15,2,1,4,9,15,7314,2064,334,1267,1243,896
berkmla01,2012.0,SLN,NL,Lance,Berkman,12000000.0,1B,23,22,520,170,13,4,22,32,,81,12,21,7,1,2,7,2,0,14,19,3,2,0,0,3,14,6235,1843,360,1119,1200,1163
bernaro01,2012.0,WAS,NL,Roger,Bernadina,493500.0,OF,101,49,1511,117,3,0,1,129,,227,25,66,11,0,5,25,15,3,28,53,3,2,3,1,2,5,1030,260,23,128,101,95
berryqu01,,,,,,,OF,91,70,1932,167,2,2,0,94,,291,44,75,10,6,2,29,21,0,25,80,0,7,6,1,4,1,291,75,2,44,29,25
betanyu01,2012.0,KC,AL,Yuniesky,Betancourt,2000000.0,23,55,50,1348,93,121,6,42,57,,215,21,49,14,1,7,36,0,1,9,25,0,0,1,3,10,8,3661,974,67,402,411,129
betemwi01,2012.0,BAL,AL,Wilson,Betemit,1250000.0,13,95,87,2342,172,121,15,19,102,,341,41,89,19,0,12,40,0,1,31,103,0,1,0,3,8,10,2083,558,75,264,283,211
biancje01,,,,,,,23,24,15,453,18,39,1,7,33,,69,8,13,2,0,3,9,0,0,4,13,0,0,2,1,1,1,69,13,3,8,9,4
bixlebr01,,,,,,,23,27,18,531,29,32,0,5,36,,88,11,17,6,0,2,7,3,0,7,36,0,0,1,0,0,4,323,61,2,41,14,22
blackch02,2012.0,COL,NL,Charlie,Blackmon,480000.0,OF,33,24,690,54,4,0,2,42,,113,15,32,8,0,2,9,1,2,4,17,0,3,1,0,4,2,211,57,3,24,17,7
blancgr01,2012.0,SFN,NL,Gregor,Blanco,516000.0,OF,137,89,2635,181,3,2,0,141,,393,56,96,14,5,5,34,26,6,51,104,2,2,5,2,0,4,1103,279,7,144,87,158
blanche01,2012.0,ARI,NL,Henry,Blanco,1250000.0,C,21,18,482,141,14,2,5,21,,64,6,12,3,0,1,7,1,0,3,18,0,0,0,0,1,15,2627,596,69,263,284,240
blankky01,2012.0,SDN,NL,Kyle,Blanks,492400.0,O1,2,1,29,6,0,0,0,4,,5,0,1,0,0,0,0,0,0,1,2,0,0,0,0,0,4,425,93,20,59,63,50
bloomwi01,2012.0,ARI,NL,Willie,Bloomquist,1900000.0,23,78,73,1909,91,160,6,32,80,,324,47,98,21,5,0,23,7,10,12,55,0,0,0,2,5,11,2550,686,17,365,193,175
blumge01,2012.0,ARI,NL,Geoff,Blum,1350000.0,3B,6,5,132,1,13,0,2,17,,28,1,4,0,0,0,1,0,0,2,7,0,0,0,1,0,14,3966,990,99,446,479,332
boescbr01,2012.0,DET,AL,Brennan,Boesch,502500.0,RF,121,115,2729,167,5,2,1,132,,470,52,113,22,2,12,54,6,3,26,104,1,5,0,2,11,3,1362,353,42,176,175,101
bogusbr01,2012.0,HOU,NL,Brian,Bogusevic,483000.0,OF,125,83,2424,187,5,5,3,146,,355,39,72,9,2,7,28,15,4,41,96,1,7,0,1,6,3,547,124,11,66,46,59
bonifem01,2012.0,MIA,NL,Emilio,Bonifacio,2200000.0,O2,66,64,1650,130,41,4,7,64,,244,30,63,3,4,1,11,30,3,25,52,1,1,4,0,3,6,1642,439,7,241,100,153
boscajc01,,,,,,,C,6,2,87,37,1,1,0,6,,10,0,2,0,0,0,2,0,0,0,1,0,0,0,0,0,3,19,5,0,1,2,1
bourgja01,2012.0,KC,AL,Jason,Bourgeois,488000.0,OF,25,16,422,44,3,3,1,30,,62,10,16,2,1,0,5,5,4,4,4,0,0,0,0,1,5,463,121,2,62,27,30
bourjpe01,2012.0,LAA,AL,Peter,Bourjos,500000.0,CF,90,48,1505,164,2,1,1,101,,168,27,37,7,0,3,19,3,1,15,44,0,3,6,3,2,3,851,210,21,118,77,53
bournmi01,2012.0,ATL,NL,Michael,Bourn,6845000.0,CF,153,151,4021,383,3,2,0,155,,624,96,171,26,10,9,57,42,13,70,155,1,3,2,4,2,7,3015,820,22,459,215,296
brantmi02,2012.0,CLE,AL,Michael,Brantley,495300.0,CF,144,140,3711,336,5,1,3,149,,552,63,159,37,4,6,60,12,9,53,56,12,0,0,4,7,4,1412,387,16,174,139,117
brantro01,,,,,,,C,28,28,743,191,16,2,1,31,,100,14,29,8,0,3,8,1,1,13,16,2,0,0,0,1,1,100,29,3,14,8,13
braunry02,2012.0,MIL,NL,Ryan,Braun,7111111.0,LF,151,151,3954,276,6,6,1,154,,598,108,191,36,3,41,112,30,7,63,128,15,11,0,5,12,6,3477,1089,202,614,643,305
brignre01,2012.0,TBA,AL,Reid,Brignac,490600.0,23,17,5,194,13,24,1,11,16,,21,1,2,0,0,0,1,0,0,1,5,0,0,0,0,0,5,671,152,10,69,67,35
brownan02,,,,,,,OF,36,28,702,55,3,2,0,46,,112,14,26,7,0,5,11,2,2,12,34,0,0,0,2,3,2,134,30,5,15,14,12
brownco01,,,,,,,OF,11,2,112,14,0,0,0,19,,25,4,5,2,0,1,3,0,0,1,9,0,0,1,0,0,2,28,5,1,4,3,1
browndo01,,,,,,,OF,67,51,1349,94,7,0,1,56,,187,21,44,11,2,5,26,0,0,21,34,2,2,0,2,6,3,433,102,12,57,58,51
bruceja01,2012.0,CIN,NL,Jay,Bruce,5041666.0,RF,154,149,4030,297,8,6,1,155,,560,89,141,35,5,34,99,9,3,62,155,11,4,0,7,5,5,2412,616,134,363,376,262
buckjo01,2012.0,MIA,NL,John,Buck,6500000.0,C,105,103,2745,715,57,7,4,106,,343,29,66,15,1,12,41,0,0,49,103,5,3,1,2,8,9,3131,737,118,341,423,270
bucktr01,2012.0,HOU,NL,Travis,Buck,580000.0,OF,21,17,438,40,1,1,0,33,,74,7,16,5,1,0,6,0,0,6,18,0,1,0,0,2,6,810,197,20,99,95,78
burriem01,2012.0,SFN,NL,Emmanuel,Burriss,625000.0,23,50,34,959,49,77,4,14,60,,136,15,29,1,0,0,7,5,3,10,25,1,1,2,1,6,5,720,175,1,87,42,53
burrose01,2012.0,MIN,AL,Sean,Burroughs,525000.0,13,4,3,75,7,5,0,2,10,,17,0,2,1,0,0,1,0,0,1,3,0,0,0,0,1,7,1664,463,12,187,143,119
buterdr01,,,,,,,C,41,32,896,242,15,1,2,42,,111,7,22,6,0,1,5,0,0,9,26,0,2,0,0,3,3,487,89,5,38,41,24
butlebi03,2012.0,KC,AL,Billy,Butler,8500000.0,1B,20,20,497,147,15,3,18,161,,614,72,192,32,1,29,107,2,1,54,111,9,7,0,4,20,6,3186,956,103,383,480,307
byrdma01,2012.0,CHN,NL,Marlon,Byrd,6500000.0,OF,48,40,1083,105,1,3,0,47,,143,10,30,2,0,1,9,0,3,5,31,1,2,1,2,3,11,3835,1067,82,525,445,276
cabreas01,2012.0,CLE,AL,Asdrubal,Cabrera,4550000.0,SS,136,133,3484,223,408,19,99,143,,555,70,150,35,1,16,68,9,4,52,99,3,6,1,2,18,6,2574,717,59,355,326,228
cabreev01,,,,,,,23,118,109,2861,146,328,16,34,115,,398,49,98,19,3,2,24,44,4,43,110,2,3,5,0,3,4,995,239,5,131,77,109
cabreme01,2012.0,SFN,NL,Melky,Cabrera,6000000.0,OF,117,112,2939,198,7,4,3,113,,459,84,159,25,10,11,60,13,5,36,63,4,0,1,5,8,8,3498,995,69,486,417,284
cabremi01,2012.0,DET,AL,Miguel,Cabrera,21000000.0,13,156,154,3975,131,243,13,32,161,,622,109,205,40,0,44,139,4,1,66,98,17,3,0,6,28,10,5663,1802,321,961,1123,709
cainlo01,2012.0,KC,AL,Lorenzo,Cain,480850.0,OF,60,55,1479,144,3,4,1,61,,222,27,59,9,2,7,31,10,0,15,56,0,3,0,4,4,3,391,110,8,48,45,25
cairomi01,2012.0,CIN,NL,Miguel,Cairo,1000000.0,12,45,30,856,179,48,5,15,70,,150,9,28,7,2,1,13,4,0,4,20,0,1,0,1,4,17,3956,1044,41,504,394,243
calhoko01,,,,,,,OF,18,3,156,13,0,0,0,21,,23,2,4,1,0,0,1,1,0,2,6,1,0,0,0,0,1,23,4,0,2,1,2
callaal01,2012.0,LAA,AL,Alberto,Callaspo,3150000.0,3B,131,122,3320,77,235,12,19,138,,457,55,115,20,0,10,53,4,3,56,59,1,0,3,4,6,7,2469,680,37,282,257,229
campato01,2012.0,CHN,NL,Tony,Campana,483000.0,OF,70,38,1144,91,1,0,0,89,,174,26,46,6,0,0,5,30,3,11,43,0,0,7,0,0,2,317,83,1,50,11,19
canoro01,2012.0,NYA,AL,Robinson,Cano,14000000.0,2B,154,150,4030,285,435,6,92,161,,627,105,196,48,1,33,94,3,2,61,96,10,7,0,2,22,8,4731,1459,177,718,715,285
canzlru01,,,,,,,O1,19,18,432,72,3,1,5,26,,93,9,25,3,0,3,11,0,0,4,22,1,0,0,0,0,2,96,26,3,9,12,5
cardead01,,,,,,,23,16,9,242,18,16,2,2,45,,60,5,11,6,0,0,2,0,0,7,13,1,0,0,0,0,1,60,11,0,5,2,7
carlilu01,,,,,,,C,4,3,93,32,1,0,0,4,,14,2,3,1,0,0,1,1,0,0,3,0,0,0,0,1,4,140,25,3,21,11,15
carpema01,2012.0,SLN,NL,Matt,Carpenter,480000.0,12,104,67,1875,351,61,9,37,114,,296,44,87,22,5,6,46,1,1,34,63,2,3,0,7,10,2,311,88,6,44,46,38
carpmi01,2012.0,SEA,AL,Mike,Carp,488800.0,O1,47,44,1106,229,14,2,15,59,,164,17,35,6,0,5,20,1,0,21,46,1,3,0,1,7,4,545,139,18,52,71,52
carreez01,,,,,,,OF,52,37,1063,112,1,1,0,48,,147,20,40,6,3,2,11,8,1,8,35,1,1,1,1,3,2,349,89,2,47,25,24
carrobr01,2012.0,WAS,NL,Brett,Carroll,580000.0,CF,3,0,12,0,0,0,0,5,,2,2,0,0,0,0,0,0,0,0,0,0,0,0,0,0,6,288,58,5,48,28,21
carroja01,2012.0,MIN,AL,Jamey,Carroll,2750000.0,23,147,130,3491,193,377,12,85,138,,470,65,126,18,1,1,40,9,5,52,65,0,4,7,4,9,11,3444,952,13,534,254,393
carsoma01,,,,,,,OF,24,16,429,25,3,0,1,26,,66,3,15,1,0,0,4,0,0,2,21,0,0,0,1,0,3,166,35,5,11,18,4
cartech02,,,,,,,1B,55,51,1409,433,14,6,29,67,,218,38,52,12,0,16,39,0,0,39,83,1,0,0,3,4,3,332,71,19,48,46,48
casilal01,2012.0,MIN,AL,Alexi,Casilla,1382500.0,23,100,84,2268,178,267,9,82,106,,299,33,72,17,2,1,30,21,1,16,52,0,3,3,5,6,7,1580,395,11,210,147,121
casteal01,,,,,,,OF,15,4,154,11,0,1,0,16,,23,3,4,0,1,1,3,0,0,0,8,0,1,0,1,0,1,23,4,1,3,3,0
castiwe01,,,,,,,C1,50,46,1241,345,24,7,2,52,,170,16,45,11,0,5,22,0,0,17,51,2,2,0,1,4,3,203,53,6,19,27,18
castrja01,2012.0,HOU,NL,Jason,Castro,486000.0,C,79,73,1940,525,40,6,6,87,,257,29,66,15,2,6,29,0,0,31,61,2,1,2,4,8,2,452,106,8,55,37,53
castrst01,2012.0,CHN,NL,Starlin,Castro,567000.0,SS,162,161,4208,266,465,27,97,162,,646,78,183,29,12,14,78,25,13,36,100,5,4,0,5,15,3,1783,529,27,222,185,100
cedenro02,2012.0,NYN,NL,Ronny,Cedeno,1150000.0,23,58,42,1083,48,98,4,19,78,,166,18,43,11,1,4,22,0,1,17,35,0,1,2,0,10,8,2292,565,37,241,218,132
cervefr01,,,,,,,C,3,0,15,8,0,0,0,3,,1,1,0,0,0,0,0,0,0,1,0,0,0,0,0,0,5,490,133,5,58,71,45
cespeyo01,2012.0,OAK,AL,Yoenis,Cespedes,9000000.0,OF,104,102,2702,221,9,3,0,129,,487,70,142,25,5,23,82,16,4,43,102,5,7,0,3,9,1,487,142,23,70,82,43
chambad01,,,,,,,OF,28,8,345,32,1,0,0,41,,54,4,12,0,2,0,4,2,1,5,18,2,1,2,0,0,2,62,15,0,6,8,5
chaveen01,2012.0,BAL,AL,Endy,Chavez,1500000.0,OF,59,34,1095,75,2,2,0,64,,158,15,32,6,0,2,12,3,2,6,24,1,1,4,0,2,11,2651,714,26,341,229,156
chaveer01,2012.0,NYA,AL,Eric,Chavez,900000.0,13,74,56,1523,85,91,6,7,113,,278,36,78,12,0,16,37,0,0,30,59,3,1,0,4,10,15,5221,1396,248,782,850,609
chiselo01,,,,,,,3B,30,28,765,16,54,6,7,43,,142,16,38,6,1,5,16,2,1,8,27,0,1,0,0,2,2,354,92,12,43,38,16
choosh01,2012.0,CLE,AL,Shin-Soo,Choo,4900000.0,RF,154,151,3995,293,7,2,1,155,,598,88,169,43,2,16,67,21,7,73,150,0,14,0,1,10,8,2553,738,83,390,373,337
chrisju01,,,,,,,OF,19,9,270,28,0,2,0,34,,56,6,7,1,0,0,2,2,1,5,3,0,0,0,0,0,3,143,29,0,18,12,10
ciriape01,,,,,,,23,70,59,1554,63,143,9,19,76,,259,33,76,15,2,2,19,16,3,8,47,2,0,5,0,2,3,298,89,2,40,26,9
clemeje01,,,,,,,1B,1,1,18,7,1,0,0,23,,22,1,3,1,0,0,1,0,0,2,7,0,0,0,0,2,4,385,84,14,33,39,26
clevest01,2012.0,CHN,NL,Steve,Clevenger,480500.0,13,61,52,1346,350,21,4,3,69,,199,16,40,12,0,1,16,0,1,16,39,0,0,0,0,10,2,203,41,1,17,16,16
coghlch01,2012.0,MIA,NL,Chris,Coghlan,500000.0,OF,36,23,665,54,0,0,0,39,,93,10,13,1,0,1,10,0,2,9,12,1,0,1,2,4,4,1224,333,20,187,107,117
colvity01,2012.0,COL,NL,Tyler,Colvin,481000.0,O1,138,99,2673,346,15,5,12,136,,420,62,122,27,10,18,72,7,3,21,117,0,2,2,1,6,4,1001,247,44,140,150,67
congeha01,,,,,,,C,7,6,165,48,4,1,0,7,,18,0,3,0,0,0,1,0,0,1,0,0,1,1,1,1,3,224,45,6,16,25,23
conrabr01,,,,,,,12,37,21,597,56,39,2,5,49,,98,6,13,5,0,4,15,0,0,6,43,0,0,0,1,2,5,430,89,18,55,71,40
constjo01,2012.0,ATL,NL,Jose,Constanza,480000.0,OF,26,20,546,41,2,0,0,37,,76,8,19,2,0,0,4,5,2,8,21,2,0,2,0,0,2,185,52,2,29,14,14
coopeda01,,,,,,,1B,29,26,677,217,25,1,22,45,,140,16,42,11,0,4,11,0,1,4,22,0,1,0,0,1,2,211,57,6,25,23,11
corpoca01,,,,,,,C,24,22,557,164,23,2,3,27,,78,5,21,2,0,4,13,0,1,4,19,0,1,1,1,2,3,233,51,4,15,24,14
costami01,,,,,,,1B,2,1,21,9,0,1,0,17,,18,0,1,0,0,0,2,0,0,1,10,0,0,0,2,0,1,18,1,0,0,2,1
cousisc01,,,,,,,OF,36,14,483,44,0,0,0,53,,86,7,14,4,1,1,3,1,1,4,24,2,0,2,0,2,3,175,32,2,14,9,11
cowgico01,2012.0,OAK,AL,Collin,Cowgill,482500.0,OF,39,28,766,69,3,0,2,38,,104,10,28,2,0,1,9,3,4,11,27,0,0,0,1,3,2,196,50,2,18,18,19
cozarza01,2012.0,CIN,NL,Zack,Cozart,480000.0,SS,138,131,3491,204,349,14,68,138,,561,72,138,33,4,15,35,4,0,31,113,0,3,2,3,11,2,598,150,17,78,38,31
craigal01,2012.0,SLN,NL,Allen,Craig,495000.0,O1,122,112,2959,802,41,4,64,119,,469,76,144,35,0,22,92,2,1,37,89,1,1,0,7,15,3,783,235,37,121,150,61
crawfbr01,2012.0,SFN,NL,Brandon,Crawford,481000.0,SS,139,122,3303,195,394,18,74,143,,435,44,108,26,3,4,45,1,4,33,95,6,3,2,3,4,2,631,148,7,66,66,56
crawfca02,2012.0,BOS,AL,Carl,Crawford,20357142.0,LF,30,30,737,42,0,1,0,31,,117,23,33,10,2,3,19,5,0,3,22,0,2,1,2,1,11,5615,1642,118,853,667,319
crispco01,2012.0,OAK,AL,Coco,Crisp,6000000.0,OF,113,109,2918,272,4,3,2,120,,455,68,118,25,7,11,46,39,4,45,64,0,0,6,2,9,11,4382,1199,86,651,465,375
cruzlu01,,,,,,,23,77,73,1950,78,159,4,23,78,,283,26,84,20,0,6,40,2,1,9,34,1,2,1,1,7,4,437,118,6,39,46,18
cruzne02,2012.0,TEX,AL,Nelson,Cruz,6250000.0,OF,157,148,3921,288,9,4,2,159,,585,86,152,45,0,24,90,8,4,48,140,2,5,0,4,7,8,2478,664,130,355,413,215
cruzto03,2012.0,SLN,NL,Tony,Cruz,481000.0,C1,49,28,888,256,24,2,5,51,,126,11,32,9,1,1,11,0,1,3,19,0,0,0,2,4,2,191,49,1,19,17,9
cuddymi01,2012.0,COL,NL,Michael,Cuddyer,10500000.0,O1,100,92,2397,339,21,5,25,101,,358,53,93,30,2,16,58,8,3,32,78,1,0,0,4,12,12,4430,1199,157,659,638,443
culbech01,,,,,,,2B,6,5,145,9,11,0,1,6,,22,0,3,0,0,0,1,0,0,0,7,0,0,1,0,0,1,22,3,0,0,1,0
cunniaa01,2012.0,CLE,AL,Aaron,Cunningham,482300.0,OF,76,21,897,65,4,0,1,72,,97,5,17,4,0,1,7,0,3,9,25,1,0,3,0,0,5,452,99,7,47,51,34
damonjo01,,,,,,,LF,56,52,1188,99,1,2,0,64,,207,25,46,6,2,4,19,4,0,17,27,0,0,0,0,0,18,9736,2769,235,1668,1139,1003
danksjo02,,,,,,,OF,42,15,549,44,0,0,0,50,,67,12,15,1,0,1,4,3,1,6,16,0,0,0,2,1,1,67,15,1,12,4,6
darnach01,,,,,,,2S,3,1,41,1,2,0,0,8,,6,2,0,0,0,0,1,1,0,0,2,0,0,0,0,0,2,149,31,0,19,7,4
darneja01,,,,,,,O3,5,4,105,3,1,1,0,7,,17,1,4,1,0,1,1,0,0,2,2,0,0,0,0,3,2,62,14,2,3,8,7
davisch02,2012.0,BAL,AL,Chris,Davis,488000.0,O1,79,77,1977,424,31,6,37,139,,515,75,139,20,0,33,85,2,3,37,169,6,7,0,3,8,5,1520,392,77,206,222,107
davisik02,2012.0,NYN,NL,Ike,Davis,506690.0,1B,148,137,3667,1156,71,8,106,156,,519,66,118,26,0,32,90,0,2,61,141,3,1,0,3,10,3,1171,295,58,159,186,150
davisra01,2012.0,TOR,AL,Rajai,Davis,2750000.0,OF,144,115,3113,211,8,8,1,142,,447,64,115,24,3,8,43,46,13,29,102,3,6,1,4,8,7,2100,566,21,302,200,130
deazaal01,2012.0,CHA,AL,Alejandro,De Aza,495000.0,OF,136,127,3400,326,4,3,1,131,,524,81,147,29,6,9,50,26,12,47,109,3,9,4,1,1,5,870,244,13,137,86,76
dejesda01,2012.0,CHN,NL,David,DeJesus,4250000.0,OF,153,125,3376,262,8,2,1,148,,506,76,133,28,8,9,50,7,8,61,89,1,9,2,4,9,10,4303,1210,80,637,486,420
dejesiv02,2012.0,LAN,NL,Ivan,De Jesus,480500.0,23,19,5,186,9,13,2,4,31,,41,5,9,3,0,0,4,1,1,3,13,0,0,0,1,1,2,73,15,0,7,5,5
denorch01,2012.0,SDN,NL,Chris,Denorfia,1165000.0,OF,141,77,2205,140,4,1,0,130,,348,56,102,19,6,8,36,13,5,27,52,0,2,2,3,9,7,1147,322,25,168,110,105
derosma01,2012.0,WAS,NL,Mark,DeRosa,800000.0,12,32,16,494,27,11,1,2,48,,85,13,16,5,0,0,6,1,0,14,18,0,0,1,1,3,15,3429,927,93,515,458,330
descada01,2012.0,SLN,NL,Daniel,Descalso,495000.0,12,149,94,2758,189,314,15,65,143,,374,41,85,10,7,4,26,6,3,37,83,3,5,7,3,5,3,734,180,5,82,58,72
desmoia01,2012.0,WAS,NL,Ian,Desmond,512500.0,SS,128,126,3418,171,306,15,65,130,,513,72,150,33,2,25,73,21,6,30,113,1,3,0,1,17,4,1704,462,47,205,199,98
dewitbl01,,,,,,,O2,5,5,110,13,8,0,2,18,,29,1,4,1,0,0,1,0,0,0,2,0,0,0,1,1,5,1116,287,21,118,135,107
diazju02,,,,,,,SS,5,4,108,8,9,1,4,5,,15,4,4,0,0,0,0,0,0,1,5,0,1,0,0,3,1,15,4,0,4,0,1
diazma02,2012.0,ATL,NL,Matt,Diaz,2125000.0,OF,25,22,547,50,2,0,2,51,,108,10,24,6,0,2,13,0,0,9,21,1,0,0,1,4,10,1863,543,45,211,225,105
dickech01,,,,,,,OF,25,4,178,11,0,0,0,25,,14,5,4,0,0,2,5,3,0,3,5,0,0,0,0,1,5,518,138,11,76,47,67
dirksan01,2012.0,DET,AL,Andy,Dirks,485000.0,OF,84,69,1816,107,1,3,0,88,,314,56,101,18,5,8,35,1,1,23,53,2,2,3,2,4,2,533,156,15,90,63,34
dobbsgr01,2012.0,MIA,NL,Greg,Dobbs,1400000.0,13,91,70,1869,183,42,11,11,120,,319,26,91,13,2,5,39,4,2,14,53,5,2,0,7,8,9,1819,487,44,183,250,109
dominma01,,,,,,,3B,31,27,737,18,59,1,9,31,,109,14,31,2,2,5,16,0,0,4,17,1,0,0,0,4,2,154,42,5,16,18,6
donalja01,2012.0,CLE,AL,Jason,Donald,484000.0,23,38,33,858,37,50,7,10,43,,124,18,25,2,1,2,11,4,0,5,40,0,3,1,2,0,3,552,142,7,70,43,34
donaljo02,2012.0,OAK,AL,Josh,Donaldson,480000.0,13,75,74,1982,76,155,13,14,75,,274,34,66,16,0,9,33,4,1,14,61,0,5,0,1,6,2,306,71,10,35,37,16
doumiry01,2012.0,MIN,AL,Ryan,Doumit,3000000.0,C1,82,78,2040,335,22,5,3,134,,484,56,133,34,1,18,75,0,0,29,98,5,7,0,8,17,8,2451,667,85,290,341,177
downsma01,2012.0,HOU,NL,Matt,Downs,487500.0,12,60,35,970,153,52,6,13,91,,178,15,36,4,1,8,16,2,4,8,38,1,4,1,0,5,4,527,121,20,58,66,40
doziebr01,,,,,,,SS,83,81,2197,111,287,15,70,84,,316,33,74,11,1,6,33,9,2,16,58,0,1,4,3,10,1,316,74,6,33,33,16
drewst01,2012.0,ARI,NL,Stephen,Drew,7750000.0,SS,75,75,1976,84,190,8,42,79,,287,38,64,13,1,7,28,1,2,37,76,2,0,0,3,2,7,3069,814,77,414,349,293
dudalu01,2012.0,NYN,NL,Lucas,Duda,497318.0,O1,111,104,2635,184,9,5,1,121,,401,43,96,15,0,15,57,1,0,51,120,0,4,0,3,5,3,786,201,29,92,120,90
duncash01,2012.0,CLE,AL,Shelley,Duncan,500000.0,O1,60,52,1235,79,4,2,0,81,,232,29,47,10,0,11,31,1,2,28,59,1,1,0,3,9,6,830,190,41,111,138,88
dunnad01,2012.0,CHA,AL,Adam,Dunn,14000000.0,O1,57,56,1454,395,34,2,31,151,,539,87,110,19,0,41,96,2,1,105,222,3,1,0,4,8,12,5929,1422,406,988,1018,1170
dysonja01,,,,,,,CF,88,79,2097,231,8,6,4,102,,292,52,76,8,5,0,9,30,5,30,56,1,1,4,3,5,3,393,97,1,71,17,43
eatonad02,,,,,,,OF,22,21,558,37,2,1,1,22,,85,19,22,3,2,2,5,2,3,14,15,0,3,1,0,0,1,85,22,2,19,5,14
ellisaj01,2012.0,LAN,NL,A.J.,Ellis,490000.0,C,131,128,3453,1007,87,6,12,133,,423,44,114,20,1,13,52,0,0,65,107,11,7,6,4,17,5,629,168,15,59,80,93
ellisma01,2012.0,LAN,NL,Mark,Ellis,2500000.0,2B,110,100,2731,211,274,3,59,110,,415,62,107,21,1,7,31,5,0,40,70,0,7,2,0,5,10,4506,1194,99,629,490,398
ellsbja01,2012.0,BOS,AL,Jacoby,Ellsbury,8050000.0,CF,73,71,1834,164,2,3,1,74,,303,43,82,18,0,4,26,14,3,19,43,0,0,0,1,5,6,2335,693,56,384,261,173
elmorja01,,,,,,,2S,22,15,428,25,56,2,12,30,,68,1,13,4,0,0,7,0,0,5,6,0,0,0,0,1,1,68,13,0,1,7,5
encared01,2012.0,TOR,AL,Edwin,Encarnacion,3500000.0,13,72,69,1825,607,32,4,61,151,,542,93,152,24,0,42,110,13,3,84,94,12,11,0,7,6,8,3273,863,159,471,502,354
escobal02,2012.0,KC,AL,Alcides,Escobar,519500.0,SS,155,155,4139,242,408,19,97,155,,605,68,177,30,7,5,52,35,5,27,100,2,8,8,0,14,5,1788,475,14,216,150,92
escobed01,2012.0,CHA,AL,Eduardo,Escobar,480000.0,23,50,33,974,44,93,2,16,50,,131,18,28,4,1,0,9,3,0,11,31,0,1,2,1,0,2,138,30,0,18,9,11
escobyu01,2012.0,TOR,AL,Yunel,Escobar,5000000.0,SS,143,140,3752,240,431,12,100,145,,558,58,141,22,1,9,51,5,1,35,70,1,4,7,4,21,6,2929,827,53,409,298,295
espinda01,2012.0,WAS,NL,Danny,Espinosa,506000.0,2S,162,153,4136,235,439,13,90,160,,594,82,147,37,2,17,56,20,6,46,189,4,13,3,2,11,3,1270,304,44,170,137,112
ethiean01,2012.0,LAN,NL,Andre,Ethier,10950000.0,OF,147,143,3796,238,3,3,1,149,,556,79,158,36,1,20,89,2,2,50,124,6,9,0,3,13,7,3524,1022,129,499,535,378
exposlu01,,,,,,,C,9,6,171,43,3,0,0,9,,18,2,1,0,0,0,0,0,0,3,5,0,0,0,0,0,1,18,1,0,2,0,3
faluir01,,,,,,,23,24,19,570,29,59,3,13,24,,85,14,29,6,1,0,7,0,2,4,9,0,0,2,0,2,1,85,29,0,14,7,4
farrier01,,,,,,,O2,3,0,12,1,0,0,0,13,,8,1,1,0,0,0,0,1,0,1,2,0,0,0,0,0,2,9,1,0,1,0,1
federti01,,,,,,,C,2,1,30,13,0,0,0,3,,3,0,1,0,0,0,0,0,0,1,2,0,0,0,0,0,2,16,3,0,0,1,3
fieldpr01,2012.0,DET,AL,Prince,Fielder,23000000.0,1B,159,159,4178,1256,105,11,113,162,,581,83,182,33,1,30,108,1,0,85,84,18,17,0,7,19,8,4108,1178,260,654,764,651
fieldth01,,,,,,,2B,1,0,14,1,0,0,0,2,,2,0,0,0,0,0,0,0,0,1,1,0,0,0,0,0,2,50,13,0,4,3,4
figgich01,2012.0,SEA,AL,Chone,Figgins,9500000.0,O3,58,44,1246,78,19,1,1,66,,166,18,30,5,2,2,11,4,1,19,48,0,0,7,2,3,11,4641,1285,35,700,402,526
flahery01,2012.0,BAL,AL,Ryan,Flaherty,480000.0,12,73,42,1185,68,70,3,15,77,,153,15,33,2,1,6,19,1,0,6,43,0,3,3,1,3,1,153,33,6,15,19,6
floreje02,2012.0,WAS,NL,Jesus,Flores,815000.0,C,80,75,2063,648,52,4,5,83,,277,22,59,12,1,6,26,1,2,13,59,3,1,2,3,6,5,937,226,23,84,127,58
floripe01,,,,,,,SS,43,42,1101,69,125,7,26,43,,137,16,30,5,2,1,10,3,1,10,30,0,0,3,0,3,2,145,31,1,17,12,11
flowety01,2012.0,CHA,AL,Tyler,Flowers,483000.0,C1,51,41,1115,334,30,2,7,52,,136,19,29,6,0,7,13,2,1,12,56,0,4,1,0,2,4,273,56,12,37,29,33
fontemi01,,,,,,,23,29,22,602,33,48,5,8,47,,97,13,28,2,0,1,5,0,1,7,23,2,1,0,0,2,7,1413,374,27,175,163,140
fordle01,,,,,,,OF,19,12,315,27,2,0,0,25,,71,7,13,3,0,3,4,1,0,7,13,0,0,1,0,3,6,1585,425,35,235,176,154
forsylo01,2012.0,SDN,NL,Logan,Forsythe,481400.0,23,90,76,2057,170,196,12,36,91,,315,45,86,13,3,6,26,8,2,28,57,0,6,0,1,6,2,465,118,6,57,38,40
fowlede01,2012.0,COL,NL,Dexter,Fowler,2350000.0,CF,131,116,3078,257,4,6,2,143,,454,72,136,18,11,13,53,12,5,68,128,1,0,6,2,5,5,1833,497,28,305,168,260
francbe01,2012.0,TOR,AL,Ben,Francisco,1537500.0,OF,53,33,869,43,1,1,0,82,,192,14,46,14,1,4,15,0,1,13,49,0,0,0,2,1,6,1535,395,49,195,189,141
francje02,2012.0,KC,AL,Jeff,Francoeur,6750000.0,OF,148,146,3898,242,19,4,3,148,,561,58,132,26,3,16,49,4,7,34,119,9,7,0,1,14,8,4358,1159,137,537,601,239
francju02,2012.0,ATL,NL,Juan,Francisco,480000.0,3B,49,42,1090,20,67,6,9,93,,192,17,45,11,0,9,32,1,1,11,70,2,1,0,1,5,4,361,93,14,34,61,22
frandke01,,,,,,,3B,52,49,1328,35,76,7,4,55,,195,24,66,10,3,2,14,0,1,9,18,2,5,1,0,4,6,763,204,9,89,67,45
frazito01,,,,,,,13,120,109,2893,372,126,7,34,128,,422,55,115,26,6,19,67,3,2,36,103,1,3,0,4,9,2,534,141,25,72,82,43
freemfr01,2012.0,ATL,NL,Freddie,Freeman,535000.0,1B,146,145,3868,1295,74,12,122,147,,540,91,140,33,2,23,94,2,0,64,129,4,7,0,9,10,3,1135,305,45,161,171,117
freesda01,2012.0,SLN,NL,David,Freese,508000.0,3B,134,132,3461,77,259,18,29,144,,501,70,147,25,1,20,79,3,3,57,122,2,7,0,2,19,4,1105,327,35,142,177,104
fryerer01,,,,,,,OF,2,0,5,0,0,0,0,6,,4,0,1,0,0,0,0,0,0,1,1,0,0,0,0,0,2,30,8,0,5,0,4
fukudko01,2012.0,CHA,AL,Kosuke,Fukudome,500000.0,OF,15,11,291,22,0,0,0,24,,41,2,7,1,0,0,4,0,1,8,9,0,0,0,2,0,5,1929,498,42,264,195,307
fuldsa01,2012.0,TBA,AL,Sam,Fuld,489400.0,OF,35,23,696,51,2,1,0,44,,98,14,25,3,2,0,5,7,2,8,14,0,1,0,0,0,5,537,132,4,78,37,63
furcara01,2012.0,SLN,NL,Rafael,Furcal,6500000.0,SS,120,116,3103,173,349,15,68,121,,477,69,126,18,3,5,49,12,4,44,57,1,1,5,4,7,13,6442,1811,113,1059,585,641
galvifr01,2012.0,PHI,NL,Freddy,Galvis,480000.0,2S,60,49,1357,96,169,1,34,58,,190,14,43,15,1,3,24,0,0,7,29,0,0,3,0,6,1,190,43,3,14,24,7
gamelma01,2012.0,MIL,NL,Mat,Gamel,481000.0,13,21,20,477,134,8,3,15,21,,69,10,17,2,1,1,6,3,0,4,15,0,1,0,1,0,5,240,55,6,23,29,24
garciav01,,,,,,,OF,22,11,364,23,1,0,1,23,,47,7,15,0,0,0,3,0,2,3,10,1,1,0,0,1,1,47,15,0,7,3,3
gardnbr01,2012.0,NYA,AL,Brett,Gardner,2800000.0,LF,15,8,256,14,1,0,0,16,,31,7,10,2,0,0,3,2,2,5,7,0,0,1,0,0,5,1393,370,15,257,125,178
gentrcr01,2012.0,TEX,AL,Craig,Gentry,484300.0,OF,117,66,1962,190,7,0,2,122,,240,31,73,12,3,1,26,13,7,14,41,1,10,5,0,4,4,423,118,2,65,43,27
getzch01,2012.0,KC,AL,Chris,Getz,967500.0,2B,61,55,1450,95,143,4,40,64,,189,22,52,10,3,0,17,9,3,11,17,0,0,8,2,3,5,1175,302,2,146,93,90
giambja01,2012.0,COL,NL,Jason,Giambi,1000000.0,1B,13,12,269,86,3,0,7,60,,89,7,20,4,0,1,8,0,0,20,24,2,2,0,2,4,18,7021,1968,429,1203,1405,1334
giavojo01,,,,,,,2B,45,43,1130,84,93,6,21,53,,181,21,43,7,1,1,15,3,0,8,35,0,0,0,0,4,2,359,87,3,41,36,14
gillaco01,,,,,,,3B,5,5,135,3,9,2,0,6,,20,2,3,1,0,0,2,0,0,0,2,0,0,0,0,0,3,44,9,1,5,4,4
gimench01,,,,,,,13,42,31,810,265,12,3,3,42,,100,10,26,4,0,1,9,0,0,8,24,0,0,1,0,4,4,328,65,6,34,30,43
gimenhe01,,,,,,,OC,5,1,47,17,0,0,0,5,,11,1,5,0,0,0,1,0,0,0,3,0,0,0,0,0,3,20,6,0,1,1,0
goldspa01,2012.0,ARI,NL,Paul,Goldschmidt,482000.0,1B,139,136,3616,1234,65,7,106,145,,514,82,147,43,1,20,82,18,3,60,130,4,4,0,9,9,2,670,186,28,110,108,80
gomesjo01,2012.0,OAK,AL,Jonny,Gomes,1000000.0,OF,42,28,845,65,1,2,0,99,,279,46,73,10,0,18,47,3,1,44,104,2,8,1,1,2,10,2646,646,136,389,411,308
gomesya01,,,,,,,13,41,24,694,148,19,1,9,43,,98,9,20,4,0,4,13,0,0,6,32,0,3,1,3,3,1,98,20,4,9,13,6
gomezca01,2012.0,MIL,NL,Carlos,Gomez,1962500.0,CF,128,98,2734,255,9,5,4,137,,415,72,108,19,4,19,51,37,6,20,98,1,8,6,3,6,6,1954,482,44,291,198,107
gomezma01,,,,,,,13,25,19,522,119,21,5,13,37,,102,14,28,5,2,2,17,0,0,8,26,0,0,0,1,4,1,102,28,2,14,17,8
gonzaad01,2012.0,BOS,AL,Adrian,Gonzalez,21857142.0,O1,169,157,4119,1282,138,5,135,159,,629,75,188,47,1,18,108,2,0,42,110,5,5,0,8,10,9,4426,1301,213,671,750,531
gonzaal02,2012.0,MIL,NL,Alex,Gonzalez,3500000.0,SS,24,24,609,30,67,3,17,24,,81,8,21,4,0,4,15,1,1,6,15,0,2,0,0,1,14,5633,1393,156,649,680,295
gonzaal03,2012.0,TEX,AL,Alberto,Gonzalez,750000.0,23,22,12,402,15,35,2,6,24,,54,7,13,2,1,0,4,0,0,0,9,0,0,1,0,0,6,893,216,3,91,85,43
gonzaca01,2012.0,COL,NL,Carlos,Gonzalez,5428571.0,LF,131,131,3383,207,7,4,0,135,,518,89,157,31,5,22,85,20,5,56,115,11,2,0,3,11,5,2166,648,99,376,349,185
gonzama01,2012.0,HOU,NL,Marwin,Gonzalez,480000.0,23,67,48,1294,62,143,5,20,80,,205,21,48,13,0,2,12,3,3,13,29,0,0,1,0,9,1,205,48,2,21,12,13
gordoal01,2012.0,KC,AL,Alex,Gordon,4775000.0,LF,160,159,4273,319,17,2,3,161,,642,93,189,51,5,14,72,10,5,73,140,3,3,0,3,14,6,2695,726,82,388,320,302
gordode01,2012.0,LAN,NL,Dee,Gordon,485000.0,SS,79,73,1954,127,186,18,38,87,,303,38,69,9,2,1,17,32,10,20,62,0,3,2,2,5,2,527,137,1,72,28,27
gosean01,,,,,,,OF,61,49,1314,106,2,1,2,56,,166,25,37,7,3,1,11,15,3,17,59,0,2,4,0,1,1,166,37,1,25,11,17
grahaty01,,,,,,,OF,2,0,6,0,0,0,0,10,,2,1,0,0,0,0,0,0,1,0,2,0,0,0,0,0,1,2,0,0,1,0,0
grandcu01,2012.0,NYA,AL,Curtis,Granderson,10000000.0,CF,157,152,4093,346,3,0,0,160,,596,102,138,18,4,43,106,10,3,75,195,4,5,1,7,5,9,4224,1108,210,749,591,487
grandya01,,,,,,,C,55,52,1384,386,38,5,2,60,,192,28,57,7,1,8,36,0,0,31,39,1,1,0,2,8,1,192,57,8,28,36,31
greenni01,,,,,,,23,6,6,159,5,16,2,5,7,,23,1,4,3,0,0,1,0,0,0,6,0,1,0,0,0,7,1023,241,16,143,97,77
greenta01,,,,,,,12,35,22,609,116,28,2,12,58,,103,8,19,7,0,3,14,0,0,10,24,0,2,0,2,3,2,140,29,3,10,15,10
greenty02,2012.0,SLN,NL,Tyler,Greene,483000.0,O2,105,77,2062,119,236,11,46,116,,305,34,70,15,2,11,30,12,4,19,95,1,1,2,3,7,4,621,139,16,79,58,49
gregodi01,,,,,,,SS,6,4,138,8,10,0,4,8,,20,1,6,0,0,0,2,0,0,0,5,0,0,1,0,0,1,20,6,0,1,2,0
gutiefr01,2012.0,SEA,AL,Franklin,Gutierrez,5812500.0,CF,38,38,968,98,1,1,0,40,,150,18,39,10,1,4,17,3,1,9,31,0,2,1,1,5,8,2412,618,57,308,255,173
guyerbr01,,,,,,,LF,3,2,42,2,0,1,0,3,,7,2,1,0,0,1,1,0,0,0,1,0,0,0,0,0,2,48,9,3,9,4,1
guzmaje01,2012.0,SDN,NL,Jesus,Guzman,486600.0,12,82,64,1631,201,17,2,9,120,,287,32,71,18,2,9,48,3,3,29,71,3,2,1,2,2,3,554,153,14,65,92,51
gwynnto02,2012.0,LAN,NL,Tony,Gwynn,850000.0,OF,94,57,1734,149,6,1,0,103,,259,29,60,8,4,0,17,13,6,16,52,2,0,2,0,6,7,1495,365,7,178,95,146
haguema01,2012.0,PIT,NL,Matt,Hague,480000.0,1B,16,14,333,114,12,1,13,30,,70,5,16,2,0,0,7,1,0,3,14,0,1,0,0,1,1,70,16,0,5,7,3
hairsje02,2012.0,LAN,NL,Jerry,Hairston,2250000.0,12,83,62,1640,95,124,9,18,78,,238,19,65,13,1,4,26,1,2,23,27,2,3,1,2,7,15,4183,1083,68,563,398,359
hairssc01,2012.0,NYN,NL,Scott,Hairston,1100000.0,OF,121,86,2318,152,1,1,0,134,,377,52,99,25,3,20,57,8,2,19,83,0,1,0,1,10,9,2197,543,95,276,279,162
hallbi03,,,,,,,OF,2,2,48,1,0,0,0,7,,9,2,2,0,0,1,1,0,0,5,7,1,0,0,0,0,11,3334,827,125,450,440,286
hamiljo03,2012.0,TEX,AL,Josh,Hamilton,15250000.0,OF,181,136,3516,273,5,7,2,148,,562,103,160,31,2,43,128,7,4,60,162,13,5,0,9,9,6,2825,858,161,471,553,263
hanigry01,2012.0,CIN,NL,Ryan,Hanigan,1300000.0,C,110,98,2637,781,48,4,6,112,,317,25,87,14,0,2,24,0,0,44,37,13,3,4,3,6,6,1132,311,18,111,117,160
hannaja01,2012.0,CLE,AL,Jack,Hannahan,1135000.0,13,105,81,2243,76,187,14,22,105,,287,23,70,16,0,4,29,0,2,27,63,0,2,1,1,9,6,1463,342,28,152,159,172
hardyjj01,2012.0,BAL,AL,J.J.,Hardy,7416666.0,SS,158,158,4317,244,529,6,113,158,,663,85,158,30,2,22,68,0,0,38,106,4,3,7,2,21,8,3605,934,133,484,451,286
harpebr03,,,,,,,OF,164,133,3564,311,8,7,3,139,,533,98,144,26,9,22,59,18,6,56,120,0,2,3,3,8,1,533,144,22,98,59,56
harrijo05,2012.0,PIT,NL,Josh,Harrison,484000.0,23,80,55,1496,81,109,6,12,104,,249,34,58,9,5,3,16,7,3,10,37,0,7,7,3,3,2,444,111,4,55,32,13
harriwi01,2012.0,CIN,NL,Willie,Harris,800000.0,23,9,7,186,9,20,1,5,25,,44,5,5,4,0,0,2,1,1,3,8,0,0,1,0,0,12,2441,580,39,365,212,306
hartco01,2012.0,MIL,NL,Corey,Hart,9333333.0,O1,156,146,3772,813,64,6,67,149,,562,91,152,35,4,30,83,5,0,44,151,5,11,2,3,13,9,3443,950,154,529,508,269
hayesbr01,2012.0,MIA,NL,Brett,Hayes,480000.0,C,33,31,834,221,21,5,1,39,,114,7,23,6,0,0,3,1,0,4,49,3,0,0,0,1,4,332,72,8,37,27,21
headlch01,2012.0,SDN,NL,Chase,Headley,3475000.0,13,160,159,4197,100,315,10,20,161,,604,95,173,31,2,31,115,17,6,86,157,2,4,0,5,7,6,2487,679,67,312,319,288
hechaad01,,,,,,,23,43,39,1022,40,92,3,21,41,,126,10,32,8,0,2,15,0,0,4,32,0,1,5,1,2,1,126,32,2,10,15,4
heisech01,2012.0,CIN,NL,Chris,Heisey,495000.0,OF,112,80,2214,181,4,3,0,120,,347,44,92,16,5,7,31,6,3,18,81,0,7,3,0,8,3,827,214,33,121,102,53
heltoto01,2012.0,COL,NL,Todd,Helton,6075000.0,1B,67,64,1676,566,57,2,53,69,,240,31,57,16,1,7,37,1,1,39,44,1,1,0,3,6,16,7565,2420,354,1360,1345,1295
hermije01,2012.0,SDN,NL,Jeremy,Hermida,800000.0,OF,7,4,121,11,0,0,0,13,,24,2,6,1,1,0,2,1,0,3,7,1,0,0,0,0,8,2012,517,65,248,250,216
hernago01,,,,,,,OF,57,33,1032,106,1,0,0,70,,156,18,30,2,3,3,13,7,2,13,42,0,3,1,0,2,1,156,30,3,18,13,13
hernalu01,,,,,,,3S,2,1,24,1,2,0,0,2,,2,0,0,0,0,0,0,0,0,0,0,0,0,0,0,0,5,267,65,3,22,20,14
hernara02,2012.0,COL,NL,Ramon,Hernandez,3200000.0,C1,48,45,1206,337,17,2,4,52,,184,16,40,10,0,5,28,0,1,6,32,1,2,2,2,4,14,5057,1335,166,576,751,424
herreel01,,,,,,,23,73,44,1222,80,44,3,11,67,,187,26,47,10,1,1,17,4,2,23,50,0,2,2,0,5,1,187,47,1,26,17,23
herrejo03,2012.0,COL,NL,Jonathan,Herrera,482000.0,23,74,55,1527,86,146,3,23,86,,225,29,59,9,1,3,12,4,1,16,39,3,2,7,0,5,4,789,204,7,96,50,73
herrmch01,,,,,,,OC,5,3,84,10,0,0,0,7,,18,0,1,0,0,0,1,0,0,1,5,0,0,0,0,0,1,18,1,0,0,1,1
hestejo01,,,,,,,C,38,27,761,195,9,0,2,39,,85,14,18,1,0,3,4,0,0,8,25,0,1,1,0,1,3,208,45,6,27,15,21
heywaja01,2012.0,ATL,NL,Jason,Heyward,565000.0,OF,156,151,4067,335,11,5,4,158,,587,93,158,30,6,27,82,21,8,58,152,1,2,0,3,4,3,1503,392,59,226,196,200
hicksbr01,,,,,,,12,21,18,480,28,41,3,5,22,,64,8,11,5,0,3,7,1,0,6,31,0,0,0,0,1,3,90,12,3,16,8,8
hillaa01,2012.0,ARI,NL,Aaron,Hill,5500000.0,2B,153,151,4010,264,487,6,94,156,,609,93,184,44,6,26,85,14,5,52,86,7,4,1,2,15,8,4059,1104,124,552,510,303
hillko01,,,,,,,C,11,10,261,71,8,1,0,11,,39,3,7,1,0,0,1,0,0,0,7,0,0,0,0,0,9,872,183,8,78,76,74
hillst01,,,,,,,1B,1,0,4,1,0,0,0,9,,10,1,2,1,0,0,0,0,0,0,3,0,0,0,0,0,2,13,3,1,2,1,0
hinsker01,2012.0,ATL,NL,Eric,Hinske,1600000.0,O1,25,18,512,104,8,2,6,91,,132,9,26,7,1,2,13,0,0,14,41,2,0,0,1,5,11,3745,938,136,547,516,446
hoeslj01,,,,,,,LF,1,0,3,0,0,0,0,2,,1,0,0,0,0,0,0,0,0,0,0,0,0,0,0,0,1,1,0,0,0,0,0
holadbr01,,,,,,,C,6,3,111,25,2,0,1,6,,12,3,3,1,0,0,0,0,0,0,2,0,0,1,0,0,1,12,3,0,3,0,0
hollima01,2012.0,SLN,NL,Matt,Holliday,16292362.0,LF,152,152,3938,226,6,3,1,157,,599,95,177,36,2,27,102,4,4,75,132,3,9,0,5,16,9,4878,1525,229,846,872,527
holtbr01,,,,,,,2B,14,14,371,22,38,4,3,24,,65,6,19,2,1,0,3,0,0,4,14,0,0,2,1,1,1,65,19,0,6,3,4
hosmeer01,2012.0,KC,AL,Eric,Hosmer,502500.0,O1,151,144,3879,1184,104,10,132,152,,535,65,124,22,2,14,60,16,1,56,95,4,2,0,5,10,2,1058,277,33,131,138,90
howarry01,2012.0,PHI,NL,Ryan,Howard,20000000.0,1B,67,66,1769,495,30,5,37,71,,260,28,57,11,0,14,56,0,0,25,99,7,4,0,3,8,9,4054,1100,300,661,920,565
hudsoor01,2012.0,SDN,NL,Orlando,Hudson,5500000.0,23,73,66,1798,104,163,6,33,86,,260,21,53,3,8,3,28,6,3,20,51,1,0,3,0,6,11,4825,1319,93,648,542,483
huffau01,2012.0,SFN,NL,Aubrey,Huff,10000000.0,12,21,15,362,91,7,1,3,52,,78,7,15,4,0,1,7,0,0,16,12,1,0,0,1,3,13,6104,1699,242,806,904,571
hughelu01,2012.0,MIN,AL,Luke,Hughes,485000.0,12,9,7,184,18,13,4,1,8,,23,0,3,0,0,0,2,1,0,0,10,0,0,0,1,0,3,317,69,8,32,33,24
hundlni01,2012.0,SDN,NL,Nick,Hundley,2000000.0,C,56,56,1476,426,48,4,1,58,,204,14,32,7,1,3,22,0,3,15,56,2,2,1,3,4,5,1212,289,33,125,148,101
hunteto01,2012.0,LAA,AL,Torii,Hunter,18500000.0,RF,134,128,3338,240,14,4,5,140,,534,81,167,24,1,16,92,9,1,38,133,1,8,1,3,15,16,7181,1986,297,1068,1143,577
iannech01,2012.0,LAA,AL,Chris,Iannetta,3550000.0,C,78,71,1869,495,35,2,3,79,,221,27,53,6,1,9,26,1,3,29,60,0,2,0,1,4,7,1650,389,72,223,262,270
ibanera01,2012.0,NYA,AL,Raul,Ibanez,1100000.0,OF,93,76,1953,131,2,0,0,130,,384,50,92,19,3,19,62,3,0,35,67,5,4,0,2,14,17,6771,1883,271,978,1116,638
iglesjo01,,,,,,,SS,24,23,581,27,71,2,16,25,,68,5,8,2,0,1,2,1,0,4,16,0,3,2,0,2,2,74,10,1,8,2,4
infanom01,2012.0,MIA,NL,Omar,Infante,4000000.0,23,150,143,3820,233,453,18,98,149,,554,69,152,30,7,12,53,17,3,21,65,0,1,8,4,9,11,3716,1021,64,450,370,225
ingebr01,2012.0,DET,AL,Brandon,Inge,5500000.0,23,82,79,2148,85,158,8,21,83,,303,33,66,14,0,12,54,0,1,24,91,1,1,0,3,8,12,4909,1147,151,558,641,441
ishiktr01,2012.0,MIL,NL,Travis,Ishikawa,525000.0,O1,46,27,842,269,17,2,21,94,,152,19,39,12,1,4,30,0,0,13,42,3,4,4,1,4,5,755,199,19,99,110,66
izturce01,2012.0,MIL,NL,Cesar,Izturis,875000.0,12,53,40,1122,46,118,3,17,62,,166,13,40,7,2,2,11,1,1,3,13,0,0,4,0,7,12,4221,1076,17,435,301,217
izturma01,2012.0,LAA,AL,Maicer,Izturis,3966666.0,23,85,70,1883,67,164,10,26,100,,289,35,74,11,0,2,20,17,2,25,38,0,2,3,0,10,9,2613,714,34,370,301,238
jacksau01,2012.0,DET,AL,Austin,Jackson,500000.0,CF,137,135,3552,339,5,1,1,137,,543,103,163,29,10,16,66,12,9,67,134,0,2,2,3,9,3,1752,491,30,296,152,170
jacksbr01,,,,,,,CF,39,38,940,94,0,2,0,44,,120,14,21,6,1,4,9,0,3,22,59,0,0,0,0,1,1,120,21,4,14,9,22
jacksry02,,,,,,,2S,9,3,90,2,11,1,1,13,,17,2,2,0,0,0,0,0,0,1,3,0,0,0,0,1,1,17,2,0,2,0,1
jacobmi02,,,,,,,1B,4,3,84,26,3,1,4,13,,19,4,4,1,0,0,2,0,0,4,6,1,0,0,0,0,7,1949,493,100,248,312,170
janispa01,,,,,,,SS,55,49,1351,63,166,2,34,55,,167,18,31,6,1,0,9,1,0,17,30,0,2,0,0,1,5,1039,224,7,109,79,90
jasojo01,2012.0,SEA,AL,John,Jaso,495200.0,C,43,39,1030,263,15,0,1,108,,294,41,81,19,2,10,50,5,0,56,51,1,5,1,5,6,4,889,227,20,126,121,140
jayjo02,2012.0,SLN,NL,Jon,Jay,504000.0,CF,116,108,2980,291,1,0,0,117,,443,70,135,22,4,4,40,19,7,34,71,3,15,9,1,9,3,1185,356,18,173,104,86
jennide01,2012.0,TBA,AL,Desmond,Jennings,486900.0,OF,133,124,3302,220,4,0,0,132,,505,85,124,19,7,13,47,31,2,46,120,1,5,6,1,7,3,773,192,23,134,74,79
jeterde01,2012.0,NYA,AL,Derek,Jeter,15729364.0,SS,135,133,3559,172,324,10,67,159,,683,99,216,32,0,15,58,9,4,45,90,1,5,6,1,24,18,10551,3304,255,1868,1254,1039
johnsch05,2012.0,HOU,NL,Chris,Johnson,495000.0,13,134,127,3318,115,226,19,17,136,,488,48,137,28,5,15,76,5,1,31,132,2,4,1,4,18,4,1229,339,33,121,171,63
johnsda06,,,,,,,1B,3,1,42,12,1,0,2,14,,22,8,8,1,0,3,6,0,0,9,3,1,0,0,0,0,7,1320,313,56,170,194,205
johnsel02,2012.0,TBA,AL,Elliot,Johnson,486100.0,23,122,79,2392,129,241,14,55,123,,297,32,72,10,2,6,33,18,6,24,84,0,3,5,2,3,3,476,106,10,52,50,38
johnske05,2012.0,TOR,AL,Kelly,Johnson,6375000.0,2B,136,133,3539,247,386,11,100,142,,507,61,114,19,2,16,55,14,2,62,159,4,5,2,4,8,7,3298,840,108,499,390,404
johnsni01,2012.0,BAL,AL,Nick,Johnson,800000.0,1B,5,5,129,51,3,1,7,38,,87,9,18,4,0,4,11,2,0,11,26,0,4,0,0,4,10,2698,723,95,430,398,522
johnsre02,2012.0,CHN,NL,Reed,Johnson,1150000.0,OF,98,54,1519,102,3,2,1,119,,269,30,78,14,3,3,20,2,2,13,61,1,6,0,0,4,10,3298,935,62,481,369,174
johnsro07,,,,,,,C,17,15,407,130,6,0,0,17,,52,3,13,2,0,0,4,0,0,4,10,2,0,1,1,2,6,701,141,8,60,62,69
jonesad01,2012.0,BAL,AL,Adam,Jones,6150000.0,CF,162,161,4374,439,7,8,0,162,,648,103,186,39,3,32,82,16,7,34,126,0,13,0,2,15,7,2885,802,107,413,373,151
jonesan01,2012.0,NYA,AL,Andruw,Jones,2000000.0,OF,70,55,1358,81,3,1,2,94,,233,27,46,7,0,14,34,0,0,28,71,1,5,0,3,2,17,7599,1933,434,1204,1289,891
jonesch06,2012.0,ATL,NL,Chipper,Jones,14000000.0,3B,103,100,2687,41,181,11,8,112,,387,58,111,23,0,14,62,1,0,57,51,6,1,0,3,15,19,8984,2726,468,1619,1623,1512
jonesga02,2012.0,PIT,NL,Garrett,Jones,2250000.0,O1,138,123,2990,603,51,9,47,145,,475,68,130,28,3,27,86,2,0,33,103,2,0,0,7,3,5,1881,487,87,235,279,180
joycema01,2012.0,TBA,AL,Matthew,Joyce,499500.0,OF,122,106,2872,181,2,2,0,124,,399,55,96,18,3,17,59,4,3,55,102,4,6,1,1,10,5,1351,343,61,197,214,178
kaaihki01,2012.0,OAK,AL,Kila,Ka'aihue,482500.0,1B,22,21,539,160,12,2,24,39,,128,13,30,9,0,4,14,1,0,10,28,0,1,0,0,6,4,411,91,15,45,46,49
kalisry01,2012.0,BOS,AL,Ryan,Kalish,483000.0,OF,32,25,694,62,0,4,0,36,,96,12,22,3,0,0,5,3,2,6,26,0,0,0,1,4,2,259,63,4,38,29,18
kawasmu01,2012.0,SEA,AL,Munenori,Kawasaki,625000.0,23,49,29,860,56,78,0,16,61,,104,13,20,1,0,0,7,2,2,8,18,0,1,2,0,2,1,104,20,0,13,7,8
kearnau01,2012.0,MIA,NL,Austin,Kearns,600000.0,O1,36,29,738,104,1,1,2,87,,147,21,36,6,0,4,16,2,1,22,44,1,6,0,0,8,11,3579,909,121,519,494,471
kellydo01,2012.0,DET,AL,Don,Kelly,900000.0,12,73,29,967,92,8,3,3,75,,113,14,21,2,1,1,7,2,0,14,22,0,0,0,0,2,5,691,160,17,89,65,43
kempma01,2012.0,LAN,NL,Matt,Kemp,10250000.0,CF,105,105,2733,208,7,1,1,106,,403,74,122,22,2,23,69,9,4,40,103,8,3,0,3,10,7,3265,962,151,538,526,290
kendrho01,2012.0,LAA,AL,Howie,Kendrick,4850000.0,12,147,142,3749,244,408,15,81,147,,550,57,158,32,3,8,67,14,6,29,115,1,4,6,5,26,7,3022,881,58,394,372,140
kennead01,2012.0,LAN,NL,Adam,Kennedy,800000.0,12,59,40,1052,58,102,6,8,86,,168,22,44,8,1,2,16,1,1,23,33,1,1,4,5,5,14,5473,1488,80,682,571,401
keppije01,2012.0,TBA,AL,Jeff,Keppinger,1525000.0,12,104,85,2018,212,118,3,35,115,,385,46,125,15,1,9,40,1,0,24,31,0,4,1,4,14,8,2459,707,41,286,255,179
kinslia01,2012.0,TEX,AL,Ian,Kinsler,7200000.0,23,145,144,3801,203,386,18,81,157,,655,105,168,42,5,19,72,21,9,60,90,0,10,1,5,14,7,3656,994,143,663,467,411
kipnija01,2012.0,CLE,AL,Jason,Kipnis,482100.0,2B,146,145,3880,241,440,6,94,152,,591,86,152,22,4,14,76,31,7,67,109,2,5,3,6,12,2,727,189,21,110,95,78
komater01,2012.0,SLN,NL,Erik,Komatsu,480000.0,OF,17,10,322,26,1,1,0,30,,51,5,11,0,0,0,1,0,0,6,5,0,0,0,1,2,1,51,11,0,5,1,6
konerpa01,2012.0,CHA,AL,Paul,Konerko,12000000.0,1B,105,105,2658,818,60,1,96,144,,533,66,159,22,0,26,75,0,0,56,83,4,7,0,2,16,16,7718,2183,422,1106,1336,866
kotchca01,2012.0,CLE,AL,Casey,Kotchman,3000000.0,1B,137,120,3261,1099,108,6,114,142,,463,46,106,12,0,12,55,3,0,26,49,1,7,3,1,15,9,3051,799,71,322,387,266
kotsama01,2012.0,SDN,NL,Mark,Kotsay,1250000.0,O1,33,29,648,67,2,1,4,82,,143,9,37,8,0,2,14,0,2,11,14,1,1,0,1,2,16,6309,1754,126,782,708,541
kottage01,2012.0,MIL,NL,George,Kottaras,700000.0,C1,60,49,1258,336,15,4,2,85,,171,20,36,6,1,9,31,0,0,37,48,1,0,1,0,4,5,592,130,24,75,84,91
kozmape01,,,,,,,2S,26,22,597,25,60,3,10,26,,72,11,24,5,3,2,14,2,0,7,19,1,0,1,2,4,2,89,27,2,13,15,11
kratzer01,,,,,,,C,41,38,1030,339,26,1,3,50,,141,14,35,9,0,9,26,0,0,11,34,2,2,0,3,2,3,181,41,9,16,27,13
kubelja01,2012.0,ARI,NL,Jason,Kubel,7500000.0,OF,126,124,3228,185,14,1,3,141,,506,75,128,30,4,30,90,1,1,57,151,7,2,0,6,11,8,3065,822,134,409,519,307
lahaibr01,2012.0,CHN,NL,Bryan,LaHair,482500.0,O1,94,86,2167,504,18,5,44,130,,340,42,88,17,0,16,40,4,2,39,124,3,0,0,1,8,3,535,139,21,66,56,61
lairdbr01,,,,,,,13,12,8,206,23,10,1,1,17,,35,2,9,1,0,1,4,0,0,2,8,0,0,0,0,1,2,56,13,1,5,5,5
lairdge01,2012.0,DET,AL,Gerald,Laird,1000000.0,C,56,49,1287,393,22,4,2,63,,174,24,49,8,1,2,11,0,0,14,21,0,1,1,1,4,10,2177,532,37,290,215,165
lallibl01,,,,,,,C1,6,3,89,24,0,0,1,6,,15,1,2,0,0,0,2,0,0,1,3,0,0,0,0,0,1,15,2,0,1,2,1
langery01,,,,,,,LF,2,0,4,0,0,0,0,2,,1,0,0,0,0,0,0,0,0,0,1,0,0,1,0,0,10,1239,280,33,174,125,190
laporma01,,,,,,,1B,11,8,207,56,6,0,5,22,,58,2,14,2,0,1,5,0,0,1,17,0,1,0,0,1,4,967,230,31,106,120,82
larocad01,2012.0,WAS,NL,Adam,LaRoche,8000000.0,1B,153,149,3970,1260,100,7,113,154,,571,76,155,35,1,33,100,1,1,67,138,7,0,0,9,10,9,4159,1114,197,568,684,446
lavarry01,,,,,,,C,28,25,657,183,11,2,0,46,,153,11,24,8,0,2,12,0,0,11,41,0,0,0,2,4,2,192,33,4,16,20,15
lawribr01,2012.0,TOR,AL,Brett,Lawrie,482500.0,3S,124,123,3228,85,273,17,23,125,,494,73,135,26,3,11,48,13,8,33,86,0,5,2,2,9,2,644,179,20,99,73,49
leeca01,2012.0,HOU,NL,Carlos,Lee,19000000.0,1B,145,145,3752,1219,104,6,114,147,,550,53,145,27,1,9,77,3,0,58,49,4,1,0,6,13,14,7983,2273,358,1125,1363,655
lemahdj01,,,,,,,12,79,65,1680,108,212,2,33,81,,229,26,68,12,4,2,22,1,2,13,42,4,0,3,2,8,2,289,83,2,29,26,14
leonsa01,,,,,,,C,12,9,250,73,5,1,1,12,,30,2,8,2,0,0,2,0,0,4,11,0,2,0,0,1,1,30,8,0,2,2,4
lerudst01,,,,,,,C,3,3,69,21,0,0,0,3,,10,1,2,0,0,0,0,0,0,0,2,0,0,0,0,1,1,10,2,0,1,0,0
lewisfr02,,,,,,,OF,9,3,86,4,0,0,0,18,,20,2,3,0,0,0,0,0,0,4,5,1,1,0,0,0,7,1562,415,27,261,136,170
liddial01,2012.0,SEA,AL,Alex,Liddi,481300.0,13,35,30,805,62,36,5,7,38,,116,8,26,4,1,3,10,2,1,9,49,0,0,0,1,0,2,156,35,6,15,16,12
lillibr01,2012.0,CHA,AL,Brent,Lillibridge,500000.0,12,103,47,1448,102,66,8,14,102,,190,25,37,6,0,3,10,13,2,11,71,0,4,1,3,2,5,649,138,19,100,66,48
linch01,,,,,,,OF,9,3,120,6,0,0,0,9,,12,1,3,0,0,0,0,0,0,0,5,0,0,0,0,0,1,12,3,0,1,0,0
lindad01,2012.0,TOR,AL,Adam,Lind,5150000.0,1B,61,57,1501,545,37,5,64,93,,321,28,82,14,2,11,45,0,0,29,61,1,0,0,3,10,7,2652,704,117,324,412,194
lobatjo01,2012.0,TBA,AL,Jose,Lobaton,481500.0,C,66,50,1401,448,28,4,3,69,,167,16,37,10,0,2,20,0,1,24,46,1,2,2,2,6,3,218,44,2,18,20,28
lombast02,2012.0,WAS,NL,Stephen,Lombardozzi,481000.0,23,106,83,2249,146,164,4,29,126,,384,40,105,16,3,3,27,5,3,19,46,1,6,6,1,1,2,415,111,3,43,28,20
loneyja01,2012.0,LAN,NL,James,Loney,6375000.0,1B,133,107,2947,915,74,6,85,144,,434,37,108,20,0,6,41,0,3,28,51,7,0,1,2,21,7,3170,895,73,360,459,273
longoev01,2012.0,TBA,AL,Evan,Longoria,4500000.0,3B,50,49,1239,37,81,8,7,74,,273,39,79,14,0,17,55,2,3,33,61,6,3,0,3,14,5,2362,652,130,380,456,303
lopezjo01,2012.0,CLE,AL,Jose,Lopez,800000.0,12,69,46,1276,80,71,3,12,81,,236,18,58,14,0,4,28,0,1,9,41,0,0,0,3,9,9,3841,1005,92,421,480,150
loughda01,,,,,,,OF,18,14,383,30,0,1,0,20,,59,9,14,2,1,0,2,1,0,4,9,0,1,0,1,2,1,59,14,0,9,2,4
lowrije01,2012.0,HOU,NL,Jed,Lowrie,1150000.0,SS,93,90,2320,102,284,8,48,97,,340,43,83,18,0,16,42,2,0,43,65,0,2,0,2,3,5,1148,287,35,153,159,132
lucrojo01,2012.0,MIL,NL,Jonathan,Lucroy,492000.0,C,88,80,2152,714,34,7,4,96,,316,46,101,17,4,12,58,4,1,22,44,1,4,1,3,12,3,1023,285,28,115,143,69
ludwiry01,2012.0,CIN,NL,Ryan,Ludwick,2000000.0,LF,108,107,2788,191,0,1,0,125,,422,53,116,28,1,26,80,0,1,42,97,3,5,1,2,9,10,3063,805,143,419,530,298
lunahe01,,,,,,,13,13,11,304,78,7,0,7,28,,62,5,14,2,0,2,10,0,0,4,14,0,0,0,0,1,7,794,208,15,104,96,55
lutzza01,,,,,,,1B,1,1,24,10,1,1,0,7,,11,1,1,0,0,0,0,0,0,0,5,0,0,0,0,0,1,11,1,0,1,0,0
machama01,,,,,,,3B,51,51,1404,44,102,5,4,51,,191,24,50,8,3,7,26,2,0,9,38,0,0,1,1,6,1,191,50,7,24,26,9
mahonjo01,,,,,,,1B,2,1,36,10,0,0,0,2,,4,0,0,0,0,0,0,0,0,0,0,0,0,0,0,0,1,4,0,0,0,0,0
maiermi01,2012.0,KC,AL,Mitch,Maier,865000.0,OF,22,15,462,38,0,0,0,32,,64,8,11,1,1,2,7,2,0,8,24,0,0,1,1,0,6,977,242,10,122,93,112
maldoca03,,,,,,,C,4,3,84,24,0,0,0,4,,9,0,0,0,0,0,1,0,0,2,4,0,0,1,0,0,4,63,10,3,3,8,9
maldoma01,,,,,,,C1,73,58,1641,532,47,6,7,78,,233,22,62,9,0,8,30,1,1,17,56,0,2,4,0,5,2,234,62,8,22,30,17
markani01,2012.0,BAL,AL,Nick,Markakis,12350000.0,RF,102,102,2778,187,3,2,0,104,,420,59,125,28,3,13,54,1,1,42,51,3,4,0,5,11,7,4055,1198,117,579,549,436
marsolo01,2012.0,CLE,AL,Lou,Marson,491700.0,C,69,64,1667,433,18,2,3,70,,195,27,44,8,2,0,13,4,2,36,44,0,1,2,1,10,5,765,168,5,93,60,96
martest01,,,,,,,OF,47,39,1053,66,3,3,0,47,,167,18,43,3,6,5,17,12,5,8,50,0,3,2,2,5,1,167,43,5,18,17,8
martife02,,,,,,,OF,37,35,827,49,1,0,0,41,,118,12,28,7,1,6,14,0,1,6,34,0,5,0,1,1,4,249,52,8,27,26,13
martijd02,2012.0,HOU,NL,J.D.,Martinez,483000.0,LF,100,97,2499,131,9,2,0,113,,395,34,95,14,3,11,55,0,2,40,96,0,1,0,2,18,2,603,152,17,63,90,53
martile01,,,,,,,OF,18,13,357,39,1,0,1,24,,46,6,8,5,2,0,6,3,0,4,12,0,0,1,1,2,2,54,11,0,8,6,4
martilu02,,,,,,,C,10,6,171,54,1,0,0,10,,18,1,2,0,0,0,0,0,0,0,4,0,1,0,0,0,2,77,14,1,8,10,8
martimi02,2012.0,PHI,NL,Michael,Martinez,486500.0,23,43,34,880,45,62,4,14,45,,115,10,20,3,0,2,7,0,0,5,21,2,0,2,0,4,2,324,61,5,35,31,23
martiru01,2012.0,NYA,AL,Russell,Martin,7500000.0,C,128,116,3135,924,61,6,3,133,,422,50,89,18,0,21,53,6,1,53,95,0,8,2,0,13,7,3183,826,93,454,418,422
mastrda01,,,,,,,O2,64,41,1195,100,2,3,0,77,,163,22,41,3,2,3,17,21,3,18,45,0,1,3,1,4,2,165,41,3,22,17,18
mathejo02,2012.0,CHN,NL,Joe,Mather,490000.0,13,87,50,1376,96,19,3,3,103,,225,18,47,11,0,5,19,5,2,14,46,1,1,1,2,4,4,493,108,14,49,49,34
mathije01,2012.0,TOR,AL,Jeff,Mathis,1500000.0,C,66,59,1598,433,38,2,5,71,,211,25,46,13,0,8,27,1,0,9,68,0,0,6,1,2,8,1412,279,34,157,166,104
matsuhi01,,,,,,,OF,15,13,289,14,0,0,0,34,,95,7,14,1,0,2,7,0,0,8,22,1,0,0,0,5,10,4442,1253,175,656,760,547
mattike01,,,,,,,LF,1,0,6,0,0,0,0,3,,5,0,0,0,0,0,0,0,0,0,2,0,0,0,0,0,1,5,0,0,0,0,0
mauerjo01,2012.0,MIN,AL,Joe,Mauer,23000000.0,C1,104,102,2666,690,42,5,27,147,,545,81,174,31,4,10,85,8,4,90,88,10,2,1,3,23,9,3933,1270,94,626,587,555
maxweju01,,,,,,,OF,117,77,2079,185,5,2,2,124,,315,46,72,13,3,18,53,9,4,32,114,0,3,0,2,6,4,534,116,27,80,79,70
maybejo02,2012.0,PHI,NL,John,Mayberry,495000.0,O1,158,107,3042,385,17,3,15,149,,441,53,108,24,0,14,46,1,0,34,111,2,2,0,2,17,4,777,197,35,102,109,63
maybica01,2012.0,SDN,NL,Cameron,Maybin,600000.0,CF,145,136,3631,330,4,3,1,147,,507,67,123,20,5,8,45,26,7,44,110,1,4,3,3,12,6,1571,394,30,242,130,135
maysoed01,,,,,,,23,22,13,405,28,57,4,16,30,,60,7,15,1,1,1,4,1,0,3,9,0,1,2,0,1,3,136,36,2,16,11,8
mcbrima02,,,,,,,O1,20,17,429,79,0,2,3,31,,78,8,16,2,0,2,11,0,0,1,17,0,1,0,1,4,1,78,16,2,8,11,1
mccanbr01,2012.0,ATL,NL,Brian,McCann,11500000.0,C,114,113,2984,845,51,2,4,121,,439,44,101,14,0,20,67,3,0,44,76,7,1,0,3,15,8,3507,979,156,421,604,375
mccoymi01,,,,,,,23,26,12,353,16,25,0,3,32,,52,10,9,1,0,1,7,2,1,4,6,0,0,0,0,1,4,336,64,3,46,20,37
mccutan01,2012.0,PIT,NL,Andrew,McCutchen,708333.0,CF,156,156,4092,367,3,1,1,157,,593,107,194,29,6,31,96,20,12,70,132,13,5,0,5,9,4,2168,629,82,362,295,283
mcdonda02,2012.0,BOS,AL,Darnell,McDonald,506500.0,OF,40,24,680,58,2,2,0,42,,88,17,18,7,0,2,9,1,1,12,19,0,0,2,1,1,6,711,175,19,98,78,64
mcdonjo03,2012.0,ARI,NL,John,McDonald,1500000.0,23,63,51,1407,75,155,1,33,70,,197,16,49,9,0,6,22,0,1,12,33,5,1,2,0,3,14,2289,547,27,264,201,105
mcgehca01,2012.0,PIT,NL,Casey,McGehee,2537500.0,12,107,78,2148,569,66,3,53,114,,318,36,69,16,1,9,41,1,1,29,70,0,2,0,3,10,5,1853,476,61,211,283,158
mckenmi01,2012.0,PIT,NL,Michael,McKenry,485000.0,C,81,64,1822,495,41,3,1,88,,240,25,56,14,0,12,39,0,0,29,73,1,3,0,3,7,3,428,96,14,42,50,44
mclouna01,2012.0,PIT,NL,Nate,McLouth,1750000.0,OF,77,62,1753,113,1,1,0,89,,266,39,64,14,1,7,20,12,1,27,61,1,2,2,1,2,8,2587,642,88,435,290,297
mercejo03,,,,,,,23,36,13,439,20,58,1,8,42,,62,7,13,5,1,1,5,0,1,4,14,0,1,0,1,0,1,62,13,1,7,5,4
mesame01,,,,,,,CF,1,0,6,0,0,0,0,3,,2,0,1,0,0,0,1,0,0,0,0,0,0,0,0,0,1,2,1,0,0,1,0
mesorde01,2012.0,CIN,NL,Devin,Mesoraco,480000.0,C,53,48,1262,368,24,1,1,54,,165,17,35,8,0,5,14,1,1,17,33,4,1,0,1,2,2,215,44,7,22,20,20
middlwi01,,,,,,,3B,72,69,1820,32,134,9,13,75,,267,34,77,14,0,15,54,4,1,13,70,0,3,0,3,8,1,267,77,15,34,54,13
molinjo01,2012.0,TBA,AL,Jose,Molina,1500000.0,C,102,80,2129,657,41,4,8,102,,251,27,56,9,0,8,32,3,1,20,60,0,2,1,0,9,13,2038,486,37,210,195,118
molinya01,2012.0,SLN,NL,Yadier,Molina,7000000.0,C1,139,133,3511,973,90,3,12,138,,505,65,159,28,0,22,76,12,3,45,55,4,5,3,5,10,9,3660,1022,77,343,466,298
monteje01,2012.0,SEA,AL,Jesus,Montero,486900.0,C,56,55,1463,409,22,3,3,135,,515,46,134,20,0,15,62,0,2,29,99,4,2,0,7,15,2,576,154,19,55,74,36
montemi01,2012.0,ARI,NL,Miguel,Montero,5900000.0,C,139,136,3570,1008,78,9,8,141,,486,65,139,25,2,15,88,0,0,73,130,6,12,0,2,15,7,2115,581,73,281,334,227
mooread01,2012.0,SEA,AL,Adam,Moore,483600.0,C,3,2,66,11,1,1,0,4,,11,1,2,1,0,1,2,0,0,1,3,0,0,0,0,0,4,245,48,6,17,19,9
mooresc02,,,,,,,12,70,53,1324,178,62,6,16,72,,201,23,52,11,0,9,26,0,1,16,56,2,7,1,3,3,5,385,93,16,40,53,28
moorety01,,,,,,,O1,56,35,912,99,7,0,7,75,,156,20,41,9,0,10,29,3,0,14,46,0,1,0,0,3,1,156,41,10,20,29,14
moralke01,2012.0,LAA,AL,Kendry,Morales,2975000.0,1B,28,28,723,199,13,1,18,134,,484,61,132,26,1,22,73,0,1,31,116,1,4,0,3,11,6,1620,455,79,216,265,116
morelbr01,2012.0,CHA,AL,Brent,Morel,490000.0,3B,33,31,845,25,51,3,2,35,,113,14,20,2,0,0,5,4,1,7,39,0,0,5,0,3,3,591,136,13,67,53,33
morelmi01,2012.0,TEX,AL,Mitch,Moreland,491100.0,O1,98,82,2230,694,57,3,68,114,,327,41,90,18,0,15,50,1,1,23,71,5,1,2,4,8,3,936,247,40,121,126,87
morgany01,2012.0,MIL,NL,Nyjer,Morgan,2350000.0,OF,99,66,1762,153,2,0,1,122,,289,44,69,5,3,3,16,12,5,20,63,0,6,7,0,4,6,1912,536,11,280,130,138
morneju01,2012.0,MIN,AL,Justin,Morneau,15000000.0,1B,99,99,2639,879,72,6,105,134,,505,63,135,26,2,19,77,1,0,49,102,8,6,0,10,19,10,4254,1190,204,613,786,464
morrilo01,2012.0,MIA,NL,Logan,Morrison,480000.0,O1,80,75,1905,237,30,5,20,93,,296,30,68,15,1,11,36,1,0,31,58,2,4,0,3,9,3,1002,251,36,127,126,126
morsemi01,2012.0,WAS,NL,Mike,Morse,3500000.0,O1,104,92,2338,154,4,1,0,102,,406,53,118,17,1,18,62,0,1,16,97,0,4,0,4,14,8,1546,456,70,199,245,100
mossbr01,,,,,,,O1,79,66,1805,442,26,9,38,84,,265,48,77,18,0,21,52,1,1,26,90,2,3,0,2,5,6,943,237,36,122,130,86
moustmi01,2012.0,KC,AL,Mike,Moustakas,487250.0,3B,149,147,3943,127,312,15,41,149,,563,69,136,34,1,20,73,5,2,39,124,4,7,0,5,4,2,901,225,25,95,103,61
murphda07,2012.0,TEX,AL,David,Murphy,3625000.0,OF,139,118,3075,197,4,1,2,147,,457,65,139,29,3,15,61,10,5,54,74,7,4,0,4,7,7,2254,643,73,311,319,223
murphda08,2012.0,NYN,NL,Daniel,Murphy,512196.0,12,150,136,3565,274,329,15,74,156,,571,62,166,40,3,6,65,10,2,36,82,5,1,0,4,12,4,1601,467,26,195,194,116
murphdo01,2012.0,MIA,NL,Donnie,Murphy,560000.0,23,37,26,735,28,49,1,6,52,,116,13,25,6,2,3,12,1,1,9,35,1,2,1,1,4,7,577,118,18,68,82,45
nadyxa01,2012.0,WAS,NL,Xavier,Nady,700000.0,OF,55,39,958,52,2,1,0,59,,152,12,28,6,1,4,13,1,0,13,37,2,1,0,0,8,11,2932,792,101,361,406,184
napolmi01,2012.0,TEX,AL,Mike,Napoli,9400000.0,C1,100,93,2481,685,52,7,14,108,,352,53,80,9,2,24,56,1,0,56,125,5,7,0,2,9,7,2270,587,146,371,380,315
navada01,,,,,,,OF,80,68,1895,111,5,2,0,88,,267,38,65,21,0,6,33,3,0,37,63,1,9,2,2,5,2,428,104,7,61,59,56
navardi01,,,,,,,C,21,16,460,131,9,1,0,24,,69,6,20,3,1,2,12,0,0,2,12,1,0,1,1,1,9,2011,493,41,208,209,170
navarya01,2012.0,PIT,NL,Yamaico,Navarro,483000.0,23,16,10,272,14,10,0,3,29,,50,4,8,0,0,1,4,0,2,5,13,0,0,0,1,2,3,152,29,2,16,18,12
nealth01,,,,,,,OF,8,7,162,11,1,1,1,9,,23,2,5,1,0,0,2,0,0,0,6,0,1,0,0,1,1,23,5,0,2,2,0
negrokr01,,,,,,,CF,1,0,12,0,0,0,0,4,,4,2,1,0,0,0,0,0,0,1,2,0,0,0,0,0,1,4,1,0,2,0,1
nelsoch01,2012.0,COL,NL,Chris,Nelson,480000.0,23,114,86,2414,85,172,13,27,111,,345,45,104,21,3,9,53,2,1,27,84,4,1,2,2,9,3,550,156,13,72,69,35
nickemi01,2012.0,NYN,NL,Mike,Nickeas,480880.0,C,45,35,912,280,20,2,3,47,,109,8,19,3,0,1,13,0,0,8,27,0,2,2,1,1,3,172,31,2,12,19,12
nieuwki01,,,,,,,OF,93,69,1841,174,0,4,0,91,,282,40,71,12,1,7,28,4,4,25,98,0,2,3,2,2,1,282,71,7,40,28,25
nievewi01,,,,,,,C1,26,19,534,141,10,2,2,32,,83,7,25,3,0,2,8,0,1,4,17,2,0,1,1,3,9,834,191,7,62,81,51
nishits01,,,,,,,2B,3,3,78,6,11,2,6,3,,12,0,0,0,0,0,1,0,0,1,1,0,0,0,1,0,2,233,50,0,14,20,16
nixja01,,,,,,,23,71,52,1388,66,97,4,18,74,,177,24,43,13,0,4,18,6,3,14,53,0,2,9,0,4,5,955,204,34,109,102,81
nixla01,2012.0,PHI,NL,Laynce,Nix,1150000.0,O1,41,26,679,100,6,3,8,70,,114,13,28,10,0,3,16,0,0,12,42,0,0,0,1,1,10,1787,437,67,224,242,114
norride01,,,,,,,C,58,53,1490,438,19,5,0,60,,209,19,42,8,1,7,34,5,1,21,66,1,1,0,1,6,1,209,42,7,19,34,21
nunezed02,2012.0,NYA,AL,Eduardo,Nunez,523800.0,23,30,22,601,34,48,7,8,38,,89,14,26,4,1,1,11,11,2,6,12,0,1,0,4,1,3,448,122,7,64,48,31
olivomi01,2012.0,SEA,AL,Miguel,Olivo,3750000.0,C,73,68,1877,505,46,5,5,87,,315,27,70,14,0,12,29,3,6,7,85,0,0,1,0,8,11,3668,885,141,426,479,152
olmedra01,,,,,,,23,17,9,287,10,21,1,3,20,,41,8,10,2,0,0,1,0,0,0,9,0,0,1,0,1,6,444,102,2,53,27,26
oltmi01,,,,,,,13,15,11,269,49,14,3,2,16,,33,2,5,1,0,0,5,1,1,5,13,0,0,0,2,1,1,33,5,0,2,5,5
orrpe01,2012.0,PHI,NL,Pete,Orr,600000.0,23,17,11,253,13,23,3,4,35,,54,6,17,5,1,0,7,3,1,1,18,0,0,2,0,0,7,669,173,3,93,46,26
ortegra01,,,,,,,CF,1,1,24,3,0,0,0,2,,4,0,2,0,0,0,0,1,0,1,2,0,1,0,0,0,1,4,2,0,0,0,1
ortizda01,2012.0,BOS,AL,David,Ortiz,14575000.0,1B,7,7,156,54,2,0,4,90,,324,65,103,26,0,23,60,0,1,56,51,13,0,0,3,6,16,6539,1863,401,1124,1326,1011
overbly01,2012.0,ARI,NL,Lyle,Overbay,1000000.0,1B,23,23,589,190,14,1,26,65,,116,12,30,10,0,2,10,0,0,13,34,2,0,0,1,4,12,4399,1188,133,578,581,566
pachejo01,2012.0,COL,NL,Jordan,Pacheco,480000.0,13,130,120,3004,374,153,14,41,132,,475,51,147,32,3,5,54,7,2,22,61,2,3,1,4,13,2,559,171,7,56,68,25
paganan01,2012.0,SFN,NL,Angel,Pagan,4850000.0,CF,151,148,3838,377,7,5,2,154,,605,95,174,38,15,8,56,29,7,48,97,5,0,2,4,6,7,2414,678,41,358,265,197
paredji01,,,,,,,O2,21,18,462,28,14,5,2,24,,74,7,14,1,1,0,3,2,1,6,21,0,0,0,2,0,2,242,62,2,23,21,15
parmech01,2012.0,MIN,AL,Chris,Parmelee,480000.0,O1,57,48,1241,326,26,2,43,64,,192,18,44,10,2,5,20,0,0,13,52,1,4,0,1,4,2,268,71,9,26,34,25
parrage01,2012.0,ARI,NL,Gerardo,Parra,502000.0,OF,112,90,2525,189,8,4,1,133,,385,58,105,21,2,7,36,15,9,33,77,4,4,6,2,4,4,1649,462,23,203,172,124
parrian01,2012.0,SDN,NL,Andy,Parrino,481000.0,23,44,31,838,44,92,6,16,55,,116,9,24,5,0,1,6,1,0,17,35,7,2,2,1,2,2,160,32,1,12,10,26
pastoty01,2012.0,ATL,NL,Tyler,Pastornicky,480000.0,2S,50,42,1037,46,89,7,22,76,,169,21,41,6,1,2,13,2,0,10,32,1,1,7,1,5,1,169,41,2,21,13,10
pauliro01,2012.0,BAL,AL,Ronny,Paulino,1000000.0,C,11,9,256,62,4,0,1,20,,63,5,16,3,0,0,5,0,0,1,9,0,0,0,0,6,8,1867,508,33,181,216,145
paulxa01,,,,,,,OF,18,13,356,15,2,0,0,55,,86,8,27,5,1,2,7,4,2,9,18,1,0,1,0,2,4,464,120,5,57,39,32
pearcst01,,,,,,,O1,61,44,1182,179,4,1,14,61,,159,16,38,8,1,4,26,1,2,20,41,1,3,2,4,4,6,624,146,13,66,78,65
pedrodu01,2012.0,BOS,AL,Dustin,Pedroia,8250000.0,2B,139,139,3648,228,392,5,100,141,,563,81,163,39,3,15,65,20,6,48,60,3,5,1,6,9,7,3388,1025,90,560,409,349
pegueca01,,,,,,,OF,13,12,335,28,0,0,0,17,,56,2,10,2,1,2,7,0,0,1,28,0,0,0,0,0,2,199,38,8,16,26,9
peguefr01,,,,,,,OF,10,3,108,14,1,0,0,17,,16,6,3,0,0,0,0,3,0,0,7,0,0,0,0,0,1,16,3,0,6,0,0
penabr01,2012.0,KC,AL,Brayan,Pena,875000.0,C1,55,46,1279,352,18,4,4,68,,212,16,50,10,1,2,25,0,1,9,24,0,0,1,4,7,8,884,219,14,77,98,49
penaca01,2012.0,TBA,AL,Carlos,Pena,7250000.0,1B,153,134,3711,1182,95,7,119,160,,497,72,98,17,2,19,61,2,3,87,182,2,13,0,3,10,12,4610,1080,277,703,791,770
penara02,,,,,,,SS,1,1,27,0,4,0,0,3,,4,0,1,0,0,0,0,0,0,0,0,0,0,0,0,0,4,313,73,2,40,32,13
pencehu01,2012.0,PHI,NL,Hunter,Pence,10400000.0,RF,159,158,4225,271,11,7,0,160,,617,87,156,26,4,24,104,5,2,56,145,2,7,1,7,14,6,3473,991,138,475,516,277
pennicl01,2012.0,OAK,AL,Cliff,Pennington,490000.0,2S,125,116,3156,217,357,11,70,125,,418,50,90,18,2,6,28,15,6,35,90,0,2,5,2,1,5,1748,435,24,212,162,159
peraljh01,2012.0,DET,AL,Jhonny,Peralta,5500000.0,SS,149,145,3833,229,359,7,75,150,,531,58,127,32,3,13,63,1,2,49,105,3,2,1,2,20,10,4708,1245,145,626,643,439
perezeu01,,,,,,,OF,7,0,33,1,0,0,0,13,,5,3,1,0,0,0,0,3,0,0,0,0,0,0,0,0,1,5,1,0,3,0,0
perezhe01,,,,,,,2B,1,0,6,1,0,0,0,2,,2,1,1,0,0,0,0,0,0,0,0,0,0,0,0,0,1,2,1,0,1,0,0
perezsa02,2012.0,KC,AL,Salvador,Perez,750000.0,C,74,74,1961,522,53,4,4,76,,289,38,87,16,0,11,39,0,0,12,27,3,1,0,3,14,2,437,136,14,58,60,19
peterbr01,,,,,,,OF,75,57,1585,115,4,1,1,84,,241,29,47,9,3,0,17,8,2,25,58,0,1,5,1,3,3,469,103,2,48,29,52
phelpco01,,,,,,,23,7,5,135,6,18,0,5,14,,33,2,7,0,0,1,5,0,0,1,10,0,0,0,0,0,2,104,18,2,12,11,9
phillbr01,2012.0,CIN,NL,Brandon,Phillips,12500000.0,2B,146,144,3753,241,391,5,73,147,,580,86,163,30,1,18,77,15,2,28,79,2,8,3,4,19,11,4577,1249,148,653,601,288
phippde01,,,,,,,OF,2,2,54,4,0,0,0,8,,10,4,3,1,0,1,2,0,0,1,4,0,0,0,0,0,1,10,3,1,4,2,1
pierrju01,2012.0,PHI,NL,Juan,Pierre,800000.0,LF,107,98,2399,156,1,1,0,130,,394,59,121,10,6,1,25,37,7,23,27,0,4,17,1,4,13,7217,2141,17,1039,509,451
pierzaj01,2012.0,CHA,AL,A.J.,Pierzynski,6000000.0,C,126,121,3214,899,71,6,8,135,,479,68,133,18,4,27,77,0,0,28,78,5,8,1,4,8,15,5795,1645,155,681,730,258
pillbr01,2012.0,SFN,NL,Brett,Pill,480000.0,13,32,25,620,166,13,2,15,48,,105,10,22,3,0,4,11,1,0,6,19,1,2,1,0,5,2,155,37,6,17,20,8
pinama01,2012.0,KC,AL,Manny,Pina,480425.0,C,1,0,9,4,0,0,0,1,,2,0,0,0,0,0,0,0,0,0,0,0,0,0,0,0,2,16,3,0,2,0,1
plouftr01,2012.0,MIN,AL,Trevor,Plouffe,485000.0,12,120,111,2909,108,191,19,18,119,,422,56,99,19,1,24,55,1,3,37,92,0,4,0,2,9,3,749,173,34,110,92,62
podsesc01,,,,,,,OF,59,50,1311,88,3,1,0,63,,199,19,60,7,0,1,12,8,2,6,35,0,1,8,2,3,11,3906,1096,42,563,312,333
polanpl01,2012.0,PHI,NL,Placido,Polanco,6416666.0,3B,80,72,1994,57,148,2,10,90,,303,28,78,15,0,2,19,0,0,18,25,1,2,4,1,7,15,6837,2044,103,976,700,406
polloaj01,,,,,,,OF,25,19,540,58,0,0,0,31,,81,8,20,4,1,2,8,1,2,9,11,1,0,1,2,2,1,81,20,2,8,8,9
poseybu01,2012.0,SFN,NL,Buster,Posey,615000.0,C1,143,140,3567,1059,75,10,22,148,,530,78,178,39,1,24,103,1,1,69,96,7,2,0,9,19,4,1115,350,46,154,191,117
pradoma01,2012.0,ATL,NL,Martin,Prado,4750000.0,12,171,154,4111,250,99,4,23,156,,617,81,186,42,6,10,70,17,4,58,69,2,2,4,9,19,7,2546,752,52,355,286,197
preslal01,2012.0,PIT,NL,Alex,Presley,484000.0,OF,93,78,2064,153,2,3,1,104,,346,46,82,14,7,10,25,9,7,18,72,0,2,4,0,5,3,584,152,14,75,45,32
pridija01,,,,,,,OF,2,1,32,2,0,0,0,9,,10,1,3,1,0,1,3,0,0,0,0,0,0,0,0,0,4,222,51,5,32,23,25
profaju01,,,,,,,2S,8,4,132,3,8,0,1,9,,17,2,3,2,0,1,2,0,0,0,4,0,0,0,0,1,1,17,3,1,2,2,0
pujolal01,2012.0,LAA,AL,Albert,Pujols,12000000.0,13,123,120,3112,1014,100,7,97,154,,607,85,173,50,0,30,105,8,1,52,76,16,5,0,6,19,12,6919,2246,475,1376,1434,1027
puntoni01,2012.0,BOS,AL,Nick,Punto,1500000.0,12,68,36,1118,59,117,2,21,87,,160,20,35,7,0,1,10,6,0,25,42,0,0,4,2,5,12,2761,682,15,366,228,328
quentca01,2012.0,SDN,NL,Carlos,Quentin,7025000.0,OF,72,72,1770,96,2,3,0,86,,284,44,74,21,0,16,46,0,1,36,41,2,17,0,3,6,7,2384,603,137,365,429,250
quinthu01,2012.0,KC,AL,Humberto,Quintero,1000000.0,C,43,40,1065,310,28,5,5,43,,138,7,32,12,0,1,19,0,1,4,28,0,1,0,1,1,10,1213,284,16,87,113,41
quintom01,,,,,,,2S,64,50,1367,70,139,6,27,65,,169,25,41,8,0,4,16,0,1,16,42,1,2,1,2,3,7,691,152,6,88,50,56
quirogu01,,,,,,,C,1,0,6,1,1,0,0,2,,2,0,0,0,0,0,0,0,0,0,1,0,0,0,0,0,8,257,53,2,19,28,17
raburry01,2012.0,DET,AL,Ryan,Raburn,2100000.0,O2,84,54,1418,80,65,4,13,66,,205,14,35,14,0,1,12,1,1,13,53,0,2,1,1,7,7,1573,403,54,223,216,113
ramiral03,2012.0,CHA,AL,Alexei,Ramirez,5000000.0,SS,158,157,4176,227,434,12,93,158,,593,59,157,24,4,9,73,20,7,16,77,2,4,4,4,15,5,2814,776,78,359,358,161
ramirar01,2012.0,MIL,NL,Aramis,Ramirez,6000000.0,3B,143,143,3727,71,222,7,14,149,,570,92,171,50,3,27,105,9,2,44,82,3,12,0,4,14,15,6863,1959,342,965,1227,545
ramirha01,2012.0,MIA,NL,Hanley,Ramirez,15000000.0,3S,155,153,4091,141,287,15,55,157,,604,79,155,29,4,24,92,21,7,54,132,4,6,0,3,17,8,3924,1171,158,696,526,423
ramoswi01,2012.0,WAS,NL,Wilson,Ramos,491250.0,C,24,24,650,189,14,1,1,25,,83,11,22,2,0,3,10,0,0,12,19,2,0,0,1,1,3,551,148,19,64,67,52
ransoco01,,,,,,,12,90,65,1783,71,170,8,36,90,,246,29,54,14,0,11,42,0,1,30,109,0,3,3,0,6,10,583,128,21,90,85,66
rasmuco01,2012.0,TOR,AL,Colby,Rasmus,2700000.0,CF,145,138,3712,304,7,6,1,151,,565,75,126,21,5,23,75,4,3,47,149,5,7,2,4,7,4,1974,479,76,307,246,196
reckean01,2012.0,OAK,AL,Anthony,Recker,480000.0,C1,18,13,362,91,8,1,5,22,,49,4,7,2,0,1,4,0,0,6,15,0,2,1,0,1,2,66,10,1,7,4,10
reddijo01,2012.0,OAK,AL,Josh,Reddick,485000.0,OF,150,141,3838,310,15,6,3,156,,611,85,148,29,5,32,85,11,1,55,151,8,2,1,4,15,4,986,241,42,136,122,77
reimono01,2012.0,BAL,AL,Nolan,Reimold,490500.0,LF,15,14,378,26,0,3,0,16,,67,10,21,6,0,5,10,1,0,2,14,0,0,0,0,3,4,808,211,36,108,114,89
repkoja01,,,,,,,CF,4,4,96,12,0,0,0,5,,11,0,1,0,0,0,0,0,0,0,4,0,0,0,0,0,7,700,157,16,105,67,52
reverbe01,2012.0,MIN,AL,Ben,Revere,492500.0,OF,128,118,3184,274,8,0,3,124,,511,70,150,13,6,0,32,40,9,29,54,0,3,6,4,8,3,989,275,0,127,64,57
reyesjo01,2012.0,MIA,NL,Jose,Reyes,10000000.0,SS,160,160,4232,226,419,18,105,160,,642,86,184,37,12,11,57,40,11,63,56,9,0,5,6,10,10,5095,1484,92,821,480,396
reynoma01,2012.0,BAL,AL,Mark,Reynolds,7833333.0,13,123,120,3297,936,64,11,89,135,,457,65,101,26,0,23,69,1,3,73,159,2,6,0,2,19,6,2973,699,181,475,501,408
rhymewi01,,,,,,,23,46,35,897,43,104,8,28,47,,123,11,28,2,1,1,8,1,2,10,17,0,3,0,1,1,3,399,106,2,54,29,35
riosal01,2012.0,CHA,AL,Alexis,Rios,12500000.0,RF,156,156,4107,333,9,7,2,157,,605,93,184,37,8,25,91,23,6,26,92,3,4,0,5,18,9,4926,1371,143,708,627,321
riverju01,2012.0,LAN,NL,Juan,Rivera,4000000.0,O1,101,74,1884,353,22,5,20,109,,312,30,76,14,0,9,47,1,3,18,35,1,3,0,6,15,12,3471,950,132,425,539,253
rizzoan01,,,,,,,1B,85,85,2192,685,46,4,76,87,,337,44,96,15,0,15,48,3,2,27,62,1,3,0,1,7,2,465,114,16,53,57,48
roberbr01,2012.0,BAL,AL,Brian,Roberts,10000000.0,2B,17,17,447,30,48,1,9,17,,66,2,12,0,0,0,5,1,1,5,12,0,0,1,2,0,12,4949,1386,84,777,482,555
roberry01,2012.0,ARI,NL,Ryan,Roberts,2012500.0,23,133,114,3084,131,283,9,42,143,,439,51,103,19,0,12,52,10,6,40,92,1,1,3,6,13,7,1319,323,41,189,152,152
robinsh01,2012.0,SLN,NL,Shane,Robinson,480000.0,OF,63,29,914,74,3,2,1,102,,166,20,42,8,0,3,16,1,0,14,32,2,0,0,1,5,3,198,48,3,21,17,15
robintr01,,,,,,,LF,46,39,1102,100,0,2,0,46,,145,16,32,4,1,3,12,6,3,14,43,1,1,4,0,2,2,288,62,5,28,26,22
rodrial01,2012.0,NYA,AL,Alex,Rodriguez,30000000.0,3B,81,81,2128,57,119,8,13,122,,463,74,126,17,1,18,57,13,1,51,116,3,10,0,5,13,19,9662,2901,647,1898,1950,1217
rodried04,,,,,,,C,2,2,51,20,1,0,0,2,,5,1,1,0,0,1,1,0,0,2,3,0,0,0,0,0,1,5,1,1,1,1,2
rodrihe04,,,,,,,2B,2,1,29,5,5,0,2,12,,14,0,3,1,0,0,2,0,0,2,2,0,0,0,0,1,1,14,3,0,0,2,2
rodrise01,2012.0,TBA,AL,Sean,Rodriguez,492800.0,23,133,86,2403,113,248,18,41,112,,301,36,64,14,1,6,32,5,0,27,75,1,3,8,3,7,5,1209,272,28,156,122,103
rolensc01,2012.0,CIN,NL,Scott,Rolen,8166666.0,3B,87,80,2158,45,139,10,6,92,,294,26,72,17,2,8,39,2,1,30,62,0,3,0,3,5,17,7398,2077,316,1211,1287,899
rolliji01,2012.0,PHI,NL,Jimmy,Rollins,11000000.0,SS,156,152,4092,204,377,13,74,156,,632,102,158,33,5,23,68,30,5,62,96,2,0,2,3,9,13,7490,2024,193,1182,793,630
rominan01,,,,,,,23,10,4,139,9,20,2,6,12,,17,2,7,0,0,0,1,1,0,3,3,0,0,1,0,0,3,44,10,0,4,1,4
rosalad01,,,,,,,12,42,31,849,88,79,0,18,42,,99,12,22,5,0,2,8,0,0,11,24,1,0,0,1,4,5,674,152,15,71,68,61
rosarwi01,2012.0,COL,NL,Wilin,Rosario,480000.0,13,109,101,2672,702,79,15,6,117,,396,67,107,19,0,28,71,4,5,25,99,2,1,0,4,10,2,450,118,31,73,79,27
rossco01,2012.0,BOS,AL,Cody,Ross,3000000.0,OF,125,112,2916,198,9,1,2,130,,476,70,127,34,1,22,81,2,3,42,129,3,3,1,6,11,9,2912,763,122,398,452,239
rossda01,2012.0,ATL,NL,Dave,Ross,1625000.0,C,54,47,1265,366,27,2,4,62,,176,18,45,7,0,9,23,1,0,18,60,0,0,0,2,5,11,1701,405,84,197,248,210
rottivi01,,,,,,,13,31,15,445,61,4,0,6,36,,61,12,9,2,0,3,7,4,0,7,17,1,0,2,1,0,5,97,16,3,14,11,10
rufda01,,,,,,,O1,9,9,216,21,0,0,0,12,,33,4,11,2,1,3,10,0,0,2,12,1,0,0,2,1,1,33,11,3,4,10,2
ruggiju01,,,,,,,OF,98,74,1987,180,3,3,0,91,,288,38,90,23,1,13,36,14,8,29,84,0,0,1,1,6,4,483,134,19,60,59,38
ruizca01,2012.0,PHI,NL,Carlos,Ruiz,3700000.0,C,106,95,2569,856,73,6,8,114,,372,56,121,32,0,16,68,4,0,29,50,6,16,0,4,6,7,2238,616,52,274,299,270
rutlejo01,,,,,,,2S,64,63,1643,98,175,11,37,73,,277,37,76,20,5,8,37,7,0,9,54,0,4,0,1,8,1,277,76,8,37,37,9
ryanbr01,2012.0,SEA,AL,Brendan,Ryan,1750000.0,SS,138,134,3512,196,396,9,104,141,,407,42,79,19,3,3,31,11,5,44,98,0,5,8,6,4,6,2049,499,15,258,165,166
saltaja01,2012.0,BOS,AL,Jarrod,Saltalamacchia,2500000.0,C1,105,95,2562,716,41,7,3,121,,405,55,90,17,1,25,59,0,1,38,139,0,1,0,4,5,6,1576,376,64,209,210,140
sanchga01,2012.0,MIA,NL,Gaby,Sanchez,483000.0,1B,95,77,2092,695,71,3,58,105,,299,30,65,16,0,7,30,1,0,25,56,2,1,0,1,13,5,1472,381,47,176,197,158
sanchhe01,2012.0,SFN,NL,Hector,Sanchez,480000.0,C,56,48,1323,350,26,7,4,74,,218,22,61,15,0,3,34,0,0,5,52,0,1,0,3,8,2,249,69,3,22,35,8
sandopa01,2012.0,SFN,NL,Pablo,Sandoval,3200000.0,13,105,103,2562,73,208,13,14,108,,396,59,112,25,2,12,63,1,1,38,59,4,1,0,7,13,5,2102,636,76,278,310,173
sandsje01,,,,,,,O1,8,6,147,17,1,0,1,9,,23,2,4,2,0,0,1,0,0,1,9,0,0,0,0,0,2,221,54,4,22,27,26
santaca01,2012.0,CLE,AL,Carlos,Santana,501900.0,C1,122,115,3054,790,78,9,24,143,,507,72,128,27,2,18,76,3,5,91,101,4,3,0,8,21,3,1209,299,51,179,177,225
santira01,2012.0,DET,AL,Ramon,Santiago,2100000.0,23,97,62,1823,88,188,6,36,93,,228,19,47,7,1,2,17,1,0,20,39,1,5,5,1,7,11,2052,502,27,248,183,158
santoom01,,,,,,,C,3,3,81,21,0,2,0,3,,8,0,1,0,0,0,1,0,0,0,1,0,0,1,1,2,4,321,80,7,29,41,15
sappeda01,,,,,,,OF,24,16,451,37,2,0,1,26,,69,8,19,6,0,2,8,0,0,7,9,1,1,1,0,1,2,176,45,2,22,13,14
saundmi01,2012.0,SEA,AL,Michael,Saunders,489100.0,OF,140,133,3565,315,4,4,1,139,,507,71,125,31,3,19,57,21,4,43,132,0,1,1,1,6,4,1079,237,31,129,102,96
schafjo02,2012.0,HOU,NL,Jordan,Schafer,489000.0,CF,87,82,2078,178,4,2,1,106,,313,40,66,10,2,4,23,27,9,36,106,3,3,6,1,3,3,782,173,8,104,44,91
schaflo01,,,,,,,OF,9,3,116,17,0,0,0,16,,23,3,7,1,2,0,5,0,1,1,3,0,0,0,1,0,2,26,8,0,4,5,2
schiena01,2012.0,SFN,NL,Nate,Schierholtz,1300000.0,OF,87,52,1600,109,0,1,0,114,,241,20,62,8,5,6,21,3,2,23,46,2,1,1,3,1,6,1275,344,24,150,123,85
schmiko01,,,,,,,C,2,1,39,11,3,0,0,4,,7,1,0,0,0,0,2,0,0,1,2,0,0,0,0,0,2,15,1,0,1,2,2
schnebr01,2012.0,PHI,NL,Brian,Schneider,800000.0,C,29,26,686,197,21,0,2,34,,89,9,20,5,0,2,7,0,0,5,15,0,3,1,0,4,13,3165,781,67,284,387,331
schumsk01,2012.0,SLN,NL,Skip,Schumaker,1500000.0,O2,87,68,1726,137,144,4,35,107,,272,37,75,14,4,1,28,1,1,27,50,2,0,3,2,6,8,2442,704,23,340,211,211
scottlu01,2012.0,TBA,AL,Luke,Scott,5000000.0,1B,6,6,123,28,2,0,3,96,,314,35,72,22,1,14,55,5,0,21,80,3,5,0,4,9,8,2557,664,126,343,396,304
scutama01,2012.0,COL,NL,Marco,Scutaro,6000000.0,23,160,149,3908,284,426,13,92,156,,620,87,190,32,4,7,74,9,4,40,49,0,4,10,9,12,11,4388,1209,75,625,478,428
seageky01,2012.0,SEA,AL,Kyle,Seager,484300.0,23,156,151,4048,139,278,13,37,155,,594,62,154,35,1,20,86,13,5,46,110,1,5,2,4,9,2,776,201,23,84,99,59
segurje01,,,,,,,SS,44,44,1167,65,96,10,20,45,,151,19,39,4,3,0,14,7,1,13,23,3,0,1,1,1,1,151,39,0,19,14,13
selleju01,2012.0,LAN,NL,Justin,Sellers,481000.0,23,19,12,326,20,28,1,6,19,,44,6,9,3,1,1,2,0,0,5,14,1,0,1,0,0,2,167,34,2,26,15,17
shoppke01,2012.0,BOS,AL,Kelly,Shoppach,1350000.0,C,73,64,1698,454,29,10,3,76,,219,23,51,14,2,8,27,1,0,16,89,3,8,2,0,2,8,1507,340,67,197,207,143
sierrmo01,,,,,,,RF,39,35,948,67,3,0,0,49,,147,14,33,4,0,6,15,1,0,8,44,0,2,0,0,3,1,147,33,6,14,15,8
simmoan01,,,,,,,SS,49,49,1278,67,158,3,31,49,,166,17,48,8,2,3,19,1,0,12,21,1,1,0,3,5,1,166,48,3,17,19,12
smithse01,2012.0,OAK,AL,Seth,Smith,2415000.0,OF,70,58,1545,115,3,2,0,125,,383,55,92,23,2,14,52,2,2,50,98,7,5,0,3,4,6,1668,446,65,255,233,192
smoakju01,2012.0,SEA,AL,Justin,Smoak,495100.0,1B,131,129,3467,1094,70,4,119,132,,483,49,105,14,0,19,51,1,0,49,111,2,1,0,2,12,3,1258,281,47,127,154,150
snidetr01,,,,,,,OF,48,41,1045,84,1,1,1,60,,164,23,41,7,1,4,17,2,0,17,48,0,1,0,3,2,5,963,239,32,125,121,83
snydebr03,2012.0,TEX,AL,Brandon,Snyder,481000.0,13,29,13,393,78,7,0,5,40,,65,11,18,2,0,3,9,0,0,3,26,0,0,1,0,1,3,98,27,3,14,13,6
snydech02,2012.0,HOU,NL,Chris,Snyder,750000.0,C1,73,67,1776,498,39,4,5,76,,221,23,39,8,0,7,24,0,0,33,70,4,4,0,0,5,9,2067,465,77,227,297,305
sogarer01,2012.0,OAK,AL,Eric,Sogard,482500.0,23,35,25,763,35,75,2,12,37,,102,8,17,3,1,2,7,2,0,5,17,0,0,1,0,1,3,179,34,4,15,11,11
solando01,,,,,,,23,83,72,1904,107,184,4,32,93,,285,29,84,11,3,2,28,7,0,21,58,1,2,3,5,5,1,285,84,2,29,28,21
solanjh01,,,,,,,C,11,10,265,55,10,0,2,12,,35,6,11,3,0,2,6,1,0,2,5,1,0,0,0,0,1,35,11,2,6,6,2
solisal01,,,,,,,C,2,0,12,8,0,1,0,5,,4,0,0,0,0,0,0,0,0,0,2,0,0,0,0,0,1,4,0,0,0,0,0
soriaal01,2012.0,CHN,NL,Alfonso,Soriano,19000000.0,LF,145,143,3549,253,12,1,6,151,,561,68,147,33,2,32,108,6,2,44,153,5,7,0,3,18,14,6943,1897,372,1046,1035,454
sotoge01,2012.0,CHN,NL,Geovany,Soto,4300000.0,C,96,92,2420,714,37,8,3,99,,324,45,64,12,1,11,39,1,0,30,76,1,3,2,2,12,8,1972,489,82,244,289,254
spande01,2012.0,MIN,AL,Denard,Span,3000000.0,CF,125,122,3220,339,6,4,3,128,,516,71,146,38,4,4,41,17,6,47,62,0,0,4,1,10,5,2354,669,23,360,230,254
spearna01,,,,,,,23,4,0,30,1,2,0,0,4,,4,0,0,0,0,0,0,0,0,0,3,0,0,0,0,0,2,8,0,0,0,0,0
stantmi03,2012.0,MIA,NL,Mike,Stanton,480000.0,RF,117,116,3103,257,6,7,1,123,,449,75,130,30,1,37,86,6,2,46,143,9,5,0,1,5,3,1324,358,93,199,232,150
stewach01,2012.0,NYA,AL,Chris,Stewart,482500.0,C,54,46,1186,379,25,4,3,55,,141,15,34,8,0,1,13,2,0,10,21,0,1,3,2,1,6,351,76,4,39,26,29
stewaia01,2012.0,CHN,NL,Ian,Stewart,2237500.0,3B,52,49,1310,21,86,5,4,55,,179,16,36,5,2,5,17,0,3,21,46,4,2,0,0,5,6,1421,329,59,194,204,167
stubbdr01,2012.0,CIN,NL,Drew,Stubbs,527500.0,CF,135,123,3322,272,5,5,1,136,,493,75,105,13,2,14,40,30,7,42,166,0,2,6,1,2,4,1791,431,59,285,178,175
suttodr01,,,,,,,12,43,28,737,47,28,5,3,42,,122,12,31,12,1,1,13,0,1,6,42,0,1,0,1,1,4,281,72,4,38,37,19
suzukic01,2012.0,SEA,AL,Ichiro,Suzuki,18000000.0,OF,174,148,4039,299,5,1,0,162,,629,77,178,28,6,9,55,29,7,22,61,5,2,5,5,12,12,8085,2606,104,1204,660,518
suzukku01,2012.0,OAK,AL,Kurt,Suzuki,5037500.0,C,117,113,3042,815,61,5,7,118,,408,36,96,20,0,6,43,2,0,20,73,3,5,4,5,5,6,2676,682,62,300,327,187
sweenry01,2012.0,BOS,AL,Ryan,Sweeney,1750000.0,OF,68,50,1402,111,3,2,2,63,,204,22,53,19,2,0,16,0,0,12,43,0,1,1,1,1,7,1719,481,14,224,185,151
swishni01,2012.0,NYA,AL,Nick,Swisher,10250000.0,O1,150,134,3500,469,22,6,23,148,,537,75,146,36,0,24,93,2,3,77,141,2,4,1,5,9,9,4241,1085,209,684,673,669
tabatjo01,2012.0,PIT,NL,Jose,Tabata,916666.0,OF,109,79,2209,166,6,3,0,103,,333,43,81,20,3,3,16,8,12,29,58,0,6,6,0,7,3,1072,291,11,157,72,97
taylomi01,,,,,,,OF,6,5,141,14,0,0,0,6,,21,2,3,1,0,0,0,0,0,0,10,0,0,0,0,1,2,51,9,1,6,1,5
teagata01,2012.0,BAL,AL,Taylor,Teagarden,489500.0,C,21,15,456,110,7,0,0,22,,57,4,9,3,0,2,9,0,0,5,23,0,0,2,0,1,5,407,86,18,53,58,34
teixema01,2012.0,NYA,AL,Mark,Teixeira,23125000.0,1B,119,117,3096,985,69,1,91,123,,451,66,113,27,1,24,84,2,1,54,83,1,7,0,12,11,10,5664,1580,338,938,1101,746
tejadru01,2012.0,NYN,NL,Ruben,Tejada,491209.0,SS,112,110,2894,164,280,12,72,114,,464,53,134,26,0,1,25,4,4,27,73,0,5,3,2,9,3,1008,273,2,112,76,84
tekotbl01,,,,,,,OF,4,2,63,3,0,0,0,11,,15,0,2,0,0,0,0,1,0,0,4,0,0,0,0,0,2,49,8,0,1,1,4
thameer01,2012.0,TOR,AL,Eric,Thames,485900.0,OF,79,70,1860,145,1,3,0,86,,271,27,63,12,3,9,25,1,1,15,87,0,1,1,2,7,2,633,158,21,85,62,38
theriry01,2012.0,SFN,NL,Ryan,Theriot,1250000.0,O2,93,81,2220,153,202,9,53,104,,352,45,95,16,1,0,28,13,5,24,47,1,1,4,3,12,8,3246,911,17,446,257,285
tholejo01,2012.0,NYN,NL,Josh,Thole,498920.0,C,100,90,2395,690,50,6,3,104,,321,24,75,15,0,1,21,0,0,27,50,6,1,4,1,12,4,916,239,7,65,87,93
thomacl02,2012.0,DET,AL,Clete,Thomas,481000.0,OF,14,7,213,19,1,0,0,15,,28,3,4,1,0,1,4,0,0,0,16,0,1,0,0,0,3,419,103,9,56,52,47
thomeji01,2012.0,PHI,NL,Jim,Thome,1250000.0,1B,4,4,81,35,2,1,4,58,,163,17,41,7,0,8,25,0,0,22,61,3,1,0,0,6,22,8422,2328,612,1583,1699,1747
thompri02,,,,,,,OF,12,4,171,8,0,0,0,23,,22,5,2,0,0,0,1,6,2,0,5,0,2,0,0,1,2,23,2,0,6,1,0
tollest01,,,,,,,23,26,19,498,21,34,4,3,29,,71,4,13,3,0,2,6,1,0,4,17,0,0,1,0,2,2,120,27,3,9,10,8
torrean02,2012.0,NYN,NL,Andres,Torres,2700000.0,CF,124,101,2714,261,6,2,1,132,,374,47,86,17,7,3,35,13,5,52,90,2,3,1,2,9,8,1638,394,30,244,153,183
torreyo01,2012.0,TEX,AL,Yorvit,Torrealba,3250000.0,C1,61,53,1419,434,21,2,2,64,,194,19,44,8,0,4,14,1,1,17,40,0,2,3,2,2,12,2696,694,56,296,323,209
tracych01,2012.0,WAS,NL,Chad,Tracy,750000.0,13,24,12,364,67,17,1,6,73,,93,7,25,7,0,3,14,0,0,10,15,3,1,0,1,1,8,2577,715,82,311,347,226
treanma01,2012.0,LAN,NL,Matt,Treanor,850000.0,C,35,33,866,261,21,3,3,36,,103,11,18,3,1,2,10,1,1,14,29,2,2,1,2,2,9,1272,281,18,120,129,147
triunca01,,,,,,,2S,9,5,171,12,23,1,6,10,,22,2,5,2,0,0,3,0,0,1,4,0,0,1,0,0,1,22,5,0,2,3,1
troutmi01,,,,,,,OF,181,138,3677,340,3,4,1,139,,559,129,182,27,8,30,83,49,5,67,139,4,6,0,7,7,2,682,209,35,149,99,76
trumbma01,2012.0,LAA,AL,Mark,Trumbo,500000.0,13,130,121,2949,294,14,7,8,144,,544,66,146,19,3,32,95,4,5,36,153,3,4,0,2,12,3,1098,284,61,133,184,62
tulowtr01,2012.0,COL,NL,Troy,Tulowitzki,8250000.0,SS,47,47,1212,76,140,8,31,47,,181,33,52,8,2,8,27,2,2,19,19,1,2,0,1,7,7,2813,822,130,471,470,304
turneju01,2012.0,NYN,NL,Justin,Turner,491209.0,12,46,31,858,96,56,2,19,94,,171,20,46,13,1,2,19,1,1,9,24,0,4,0,1,9,4,641,163,6,72,73,53
ugglada01,2012.0,ATL,NL,Dan,Uggla,13146942.0,2B,152,151,4045,258,471,12,103,154,,523,86,115,29,0,19,78,4,3,94,168,5,10,0,3,8,7,4050,1026,209,673,625,519
uptonbj01,2012.0,TBA,AL,B.J.,Upton,7000000.0,CF,142,141,3764,290,10,3,4,146,,573,79,141,29,3,28,78,31,6,45,169,0,1,4,8,13,8,3568,910,118,539,447,430
uptonju01,2012.0,ARI,NL,Justin,Upton,6958333.0,RF,149,148,3842,309,6,5,2,150,,554,107,155,24,4,17,67,18,8,63,121,5,5,0,6,7,6,2663,739,108,438,363,306
uribeju01,2012.0,LAN,NL,Juan,Uribe,8295910.0,3S,47,42,1098,23,86,5,8,66,,162,15,31,9,0,2,17,0,1,13,37,0,2,1,1,6,12,4789,1200,157,582,644,294
utleych01,2012.0,PHI,NL,Chase,Utley,15285714.0,2B,81,81,2161,156,209,7,32,83,,301,48,77,15,2,11,45,11,1,43,43,7,12,0,6,4,10,4434,1275,199,779,739,505
valbulu01,2012.0,CHN,NL,Luis,Valbuena,495200.0,23,87,74,1965,47,141,7,19,90,,265,26,58,20,0,4,28,0,2,36,55,1,0,0,2,6,5,1000,224,17,110,85,95
valdejo02,,,,,,,O2,62,32,985,82,25,3,11,94,,191,28,46,9,1,8,26,10,3,10,44,0,2,3,0,2,1,191,46,8,28,26,10
valdewi01,2012.0,CIN,NL,Wilson,Valdez,930000.0,23,74,44,1305,72,94,4,19,77,,194,15,40,4,0,0,15,3,1,8,36,0,0,5,1,4,7,1142,270,6,131,107,69
valenda01,2012.0,MIN,AL,Danny,Valencia,515000.0,3B,44,40,1071,26,83,4,9,44,,154,14,29,6,1,3,21,0,1,3,38,0,0,0,4,6,3,1017,261,25,107,133,63
vanslsc01,,,,,,,O1,28,13,377,45,5,0,3,27,,54,4,9,2,0,2,7,1,0,2,14,0,0,1,0,2,1,54,9,2,4,7,2
velazgi01,,,,,,,3B,17,15,404,16,31,2,3,19,,56,2,13,1,0,0,2,0,0,1,11,0,0,0,0,0,4,72,17,0,2,4,1
venabwi01,2012.0,SDN,NL,Will,Venable,1475000.0,OF,145,103,2795,209,1,7,0,148,,417,62,110,26,8,9,45,24,6,41,94,2,5,5,2,2,5,1582,401,45,225,188,155
vicieda01,2012.0,CHA,AL,Dayan,Viciedo,2500000.0,LF,131,129,3279,233,13,2,0,147,,505,64,129,18,1,25,78,0,2,28,120,0,6,0,4,18,3,711,187,31,92,97,39
victosh01,2012.0,PHI,NL,Shane,Victorino,9500000.0,OF,158,151,4054,342,9,2,4,154,,595,72,152,29,7,11,55,39,6,53,80,1,6,9,3,5,9,3852,1060,90,616,409,334
vittejo01,,,,,,,3B,29,24,593,9,41,4,4,36,,99,7,12,2,0,2,5,2,0,7,33,0,2,0,1,6,1,99,12,2,7,5,7
vizquom01,2012.0,TOR,AL,Omar,Vizquel,750000.0,12,55,37,1063,58,103,3,19,60,,153,13,36,5,1,0,7,3,2,7,17,0,0,1,2,5,24,10586,2877,80,1445,951,1028
vogtst01,2012.0,TBA,AL,Stephen,Vogt,480000.0,OC,9,1,60,20,2,0,0,18,,25,0,0,0,0,0,0,0,0,2,2,0,0,0,0,0,1,25,0,0,0,0,2
vottojo01,2012.0,CIN,NL,Joey,Votto,11410655.0,1B,109,109,2907,850,116,6,69,111,,374,59,126,44,0,14,56,5,3,94,85,18,5,0,2,8,6,2599,822,133,428,457,429
walkene01,2012.0,PIT,NL,Neil,Walker,500000.0,2B,125,124,3206,234,361,9,76,129,,472,62,132,27,0,14,69,7,5,47,104,1,2,1,8,11,4,1530,428,38,200,218,139
wallabr01,,,,,,,13,66,59,1547,457,47,9,44,66,,229,24,58,10,1,9,24,0,0,18,73,1,6,0,1,2,3,709,177,16,75,66,62
weeksje01,2012.0,OAK,AL,Jemile,Weeks,482500.0,2B,113,112,3041,181,293,11,63,118,,444,54,98,15,8,2,20,16,5,50,70,0,5,9,3,5,2,850,221,4,104,56,71
weeksri01,2012.0,MIL,NL,Rickie,Weeks,11000000.0,2B,152,152,4033,236,374,16,78,157,,588,85,135,29,4,21,63,16,3,74,169,2,13,0,2,9,9,3454,867,130,608,377,427
wellsca01,2012.0,SEA,AL,Casper,Wells,488200.0,OF,88,74,2082,151,8,0,2,93,,285,42,65,12,3,10,36,3,0,26,80,0,4,1,0,3,3,593,146,25,86,80,50
wellsve01,2012.0,LAA,AL,Vernon,Wells,24187500.0,OF,77,65,1767,137,0,1,0,77,,243,36,56,9,0,11,29,3,1,16,35,0,1,0,2,5,14,6218,1695,259,885,908,442
werthja01,2012.0,WAS,NL,Jayson,Werth,13571428.0,OF,87,79,2076,166,4,1,1,81,,300,42,90,21,3,5,31,8,2,42,57,2,1,0,1,3,10,3380,904,145,544,495,477
wheelry01,,,,,,,13,27,23,639,32,37,2,5,50,,109,11,26,6,1,1,10,1,0,9,22,0,0,0,1,4,1,109,26,1,11,10,9
whiteel03,,,,,,,C,11,3,111,32,5,0,0,12,,11,3,1,1,0,0,2,0,0,1,4,0,1,0,1,0,5,489,105,10,52,43,31
wietema01,2012.0,BAL,AL,Matt,Wieters,500000.0,C,134,132,3566,994,52,10,7,144,,526,67,131,27,1,23,83,3,0,60,112,4,4,0,3,17,4,1826,475,65,211,249,183
wiggity01,2012.0,PHI,NL,Ty,Wigginton,4000000.0,13,100,77,2085,444,68,12,37,125,,315,40,74,11,0,11,43,1,0,37,81,2,2,0,6,5,11,4422,1161,169,549,591,366
willijo03,2012.0,MIN,AL,Josh,Willingham,7000000.0,LF,119,118,3083,237,6,4,2,145,,519,85,135,30,1,35,110,3,2,76,141,4,14,0,6,15,9,3226,843,167,474,544,434
wilsobo02,2012.0,LAA,AL,Bobby,Wilson,487500.0,C1,76,58,1528,430,34,4,7,75,,171,19,36,5,0,3,13,0,0,15,33,0,1,13,1,7,5,389,81,8,36,37,34
wilsoja02,2012.0,ATL,NL,Jack,Wilson,1000000.0,2S,31,14,459,22,54,2,15,40,,71,4,12,1,1,0,4,0,0,2,12,1,0,3,1,1,12,4890,1294,61,565,426,270
wisede01,,,,,,,OF,102,53,1602,125,4,1,0,101,,224,31,58,10,2,8,30,19,4,11,52,0,1,0,3,2,10,1045,238,30,143,112,44
worthda01,2012.0,DET,AL,Danny,Worth,482000.0,23,39,24,678,38,58,1,16,43,,74,9,16,3,0,0,3,0,0,13,23,0,0,2,1,1,3,217,53,2,25,14,21
wrighda03,2012.0,NYN,NL,David,Wright,15250000.0,3S,156,155,4063,107,269,10,20,156,,581,91,178,41,2,21,93,15,10,81,112,16,3,0,5,15,9,4742,1426,204,790,818,616
wrighwe01,2012.0,HOU,NL,Wesley,Wright,512000.0,RF,1,0,0,0,0,0,0,78,,2,0,0,0,0,0,0,0,0,0,2,0,0,1,0,0,5,15,1,0,2,0,0
youklke01,2012.0,BOS,AL,Kevin,Youkilis,12250000.0,13,137,121,3059,179,186,9,40,122,,438,72,103,15,2,19,60,0,0,51,108,2,17,0,3,10,9,3644,1030,148,641,610,531
youngch04,2012.0,ARI,NL,Chris,Young,7200000.0,CF,87,84,2175,201,4,2,1,101,,325,36,75,24,0,14,41,8,3,36,79,0,2,0,0,4,7,3173,758,132,453,408,360
youngde03,2012.0,DET,AL,Delmon,Young,6750000.0,LF,31,29,679,35,1,2,0,151,,574,54,153,27,1,18,74,0,2,20,112,1,7,0,7,20,7,3358,955,89,396,482,145
younger03,2012.0,COL,NL,Eric,Young,481000.0,OF,34,28,734,64,0,0,0,98,,174,36,55,7,2,4,15,14,2,13,31,0,4,5,0,1,4,601,160,5,103,34,60
youngma02,,,,,,,O2,6,1,58,8,1,0,1,5,,10,2,1,1,0,0,1,0,0,0,9,0,1,0,0,0,2,58,11,0,6,2,4
youngmi02,2012.0,TEX,AL,Michael,Young,16174974.0,12,86,83,2205,406,99,6,48,156,,611,79,169,27,3,8,67,2,2,33,70,3,1,0,6,26,13,7399,2230,177,1085,984,532
zimmery01,2012.0,WAS,NL,Ryan,Zimmerman,12000000.0,3B,145,144,3841,76,284,19,28,145,,578,93,163,36,1,25,95,5,2,57,116,8,2,0,4,20,8,3861,1110,153,580,593,395
zobribe01,2012.0,TBA,AL,Ben,Zobrist,4687300.0,O2,176,152,4025,232,252,12,55,157,,560,88,151,39,7,20,74,14,9,97,103,7,3,2,6,13,7,2668,693,92,405,388,395
